<?xml version="1.0" encoding="UTF-8" standalone="yes"?>
<root>
	<file>
		<category>
		<![CDATA[
01.민사_OCR		]]>
		</category>
		<name>
		<![CDATA[
2005나12107.pdf		]]>
		</name>
		<cn>
		<![CDATA[

부산지법 2006.5.26. 선고 2005나12107 판결 : 상고

1

부산지법 2006.5.26.선고 2005나12107 판결 : 상고

손해배상(기), 각공2006.8.10.(36),1635

판시사항

1 000는 000에 대한 신고내용이 부패행위와 관련된 것인지 단순한 민원이나 진정

등에 해당하는 것인지를 나름대로 판단할 수 있음을 이유로, 부패행위에 해당한다고 신고한 것을 진정사건으

로 접수한 다음 종결처리한 000의 조치가 정당하다고 한 사례

2 000에 공무원이 아닌 주택개량재개발조합장에 의하여 행정대집행영장이 위조되었는지 여부를

밝혀 달라는 것은 관련 법률의 규정 취지, 000의 기능 등에 비추어 000의 권한과 책임

의 범위 내에 있다고 볼 수 없다고 한 사례

판결요지

1 000는 000에 대한 신고내용이 부패행위와 관련된 것인지 단순한 민원이나 진정

등에 해당하는 것인지를 나름대로 판단할 수 있음을 이유로, 부패행위에 해당한다고 신고한 것을 진정사건으

로 접수한 다음 종결처리한 000의 조치가 정당하다고 한 사례.

2 000에 공무원이 아닌 주택개량재개발조합장에 의하여 행정대집행영장이 위조되었는지 여부를

밝혀 달라는 것은 관련 법률의 규정 취지, 000의 기능 등에 비추어 000의 권한과 책임

의 범위 내에 있다고 볼 수 없다고 한 사례.

참조조문

1 구 부패방지법(2005. 7. 21. 법률 제7612호로 개정되기 전의 것) 제2조 제3호 , 제11조 , 제30조  2

구 부패방지법(2005. 7. 21. 법률 제7612호로 개정되기 전의 것) 제2조 제3호 , 제11조 , 제30조 , 민법 제

750조 , 제756조 , 국가배상법 제2조

전문

원고, 항소인 원고

피고, 피항소인 대한민국


부산지법 2006.5.26. 선고 2005나12107 판결 : 상고

2

대상판결

제1심판결 부산지법 동부지원 2005. 8. 10. 선고 2005가소24192 판결

주문

1. 원고의 항소를 기각한다.

2. 항소비용은 원고가 부담한다.

취지

제1심판결을 취소한다. 피고는 원고에게 20,000,000원 및 이에 대하여 이 사건 소장 부본 송달 다음날부터

다 갚는 날까지 연 20%의 비율에 의한 금원을 지급하라.

변론종결

2006. 5. 12.

이유

1. 기초 사실

다음 각 사실은 당사자 사이에 다툼이 없거나, 갑1, 2, 4, 8호증의 각 기재에 의하면 인정할 수 있다.

가. 원고는 2002. 2. 1. 000(현 국가청렴위원회)에  (명칭 생략) 주택개량재개발조합장 소외인 이

1995. 11. 13. 위 재개발조합장 명의로 1995. 11. 16.자 행정대집행영장(갑5호증)을 위조하여 발부한 다음

원고가 살고 있는 거주지를 철거하여, 원고가 소외인 을 공문서위조죄로 검찰에 1995년 형제32511호로 고소

하기 시작하여 10여 차례 고소하였으나 담당 검사들이 전부 불기소처분 또는 각하처분을 하였는데, 이는 담당

검사들이 법을 준수하지 않은 부패행위에 해당하므로 담당 검사와 소외인 을 처벌하여야 한다.’는 취지의

2002. 1. 30.자 신고서를 제출하였다(이하 이 사건 진정이라 한다).

나. 이에 000는 원고의 위 신고서를 2002년 진정 제274호로 접수한 다음 2002. 3. 20. 진정사항

처리 결과 통지라는 제목으로 원고의 위 진정은 대법원에 상고된 사안으로 000에서 추가로 조치

할 사항이 없어 종결한다.는 취지로 원고에게 통지하였다.

다. 원고는 위 진정사항 처리 결과 통지를 받은 다음 위 신고서의 내용은 상고된 사안이 아니므로 부패방지위

원회는 새로운 답변을 하여야 한다는 취지로 2002. 3. 30.자 신고서를 000에 2002. 4. 4. 제출하

였다.

2. 원고의 주장

원고는, 000 소속 공무원들이 (1) 원고의 위 2002. 1. 30.자 신고서에 대하여 이를 진정서로 고쳐

답변하고, 대법원에 상고된 바가 없는데도 상고된 사안이라고 허위로 기재하여 허위공문서를 작성하였고, (2)

2002. 3. 30.자 신고서에 대하여는 아무런 답변도 하지 아니함으로써 원고의 권리행사를 막아버렸으며, (3)


부산지법 2006.5.26. 선고 2005나12107 판결 : 상고

3

행정대집행영장(갑5호증)이 소외인 에 의하여 위조된 사실을 조사하여 밝히지 아니하는 등의 불법행위를 저질

렀으므로, 000 소속 공무원들의 사용자인 피고는 국가배상법에 기하여 원고에게 위자료 2,000만

원 및 이에 대한 지연손해금을 지급할 의무가 있다고 주장한다.

3. 판 단

가. 000는 부패방지법의 목적과 취지에 따라 마련한 사무운영지침에 의하여 그 신고내용이 부패행

위와 관련된 것인지 단순한 민원이나 진정 등에 해당하는 것인지를 나름대로 판단할 수 있고, 따라서 이 사건

원고의 위 신고서를 진정사건으로 접수한 다음 이를 종결처리한 것은 정당하여 거기에 어떠한 위법이 있다고

할 수 없다. 또한 원고가 위 재개발조합이 시행하는 주택철거작업에 대응한 000의 홍보부장을

맡아 주택철거에 반대하는 과정에서 재개발조합장 소외인 으로부터 업무방해행위로 고소당하여 형사처벌을 받

았고, 그리하여 그 형사절차에 관여한 경찰관들이나 증인들을 허위공문서작성, 위증 등으로 반복하여 고소하

였으며, 이로 인해 무고죄로 형사처벌까지 받았는데, 이에 그치지 않고 원고의 고소에 대한 검사의 각하처분

등이 위법하다는 이유로 국가배상청구를 일삼아 오는 등 1995년경 이래 계속하여 민·형사 분쟁을 반복한 사

실은 이 법원에 현저한 바, 000가 이 사건 진정도 위와 같은 반복된 고소와 이로 인한 무고 피고

사건과 무관하지 않다고 판단하고 당시 무고사건이 최종적으로 대법원에 계속중이어서, 그와 같은 이유로 이

사건 진정을 종결처리한 것이므로 거기에 어떠한 위법이 있다고 할 수 없다.

따라서 이 사건 진정사항 처리 결과 통지가 허위로 작성되었다는 원고의 이 부분 주장은 이유 없다.

나. 그리고 2002. 3. 30.자 신고서는 위 사실관계에 나타난 바와 같이 이 사건 진정내용과 별도의 부패행위에

대한 신고라고 볼 수 없고, 이미 이 사건 진정에 대한 처리 결과가 통지된 이상 별도의 답변을 할 필요가 없

으므로, 000가 위 신고서에 대한 별도의 답변을 하지 않아 원고의 권리행사에 장애가 발생하였다

는 원고의 이 부분 주장도 이유 없다.

다. 한편, 원고는 행정대집행영장(갑5호증)이 소외인 에 의하여 위조된 사실을 000가 조사하여 밝

히지 아니한 것이 불법행위라고 주장하나, 행정대집행영장이 공무원도 아닌 소외인 에 의하여 위조되었는지의

여부를 밝혀 달라는 것은 부패방지법의 규정 취지, 000의 기능 등에 비추어 000의 권

한과 책임의 범위 내에 있다고 보이지 아니하므로, 원고의 이 부분 주장도 이유 없다.

4. 결 론

그렇다면 원고의 이 사건 청구는 이유 없어 기각할 것인바, 제1심판결은 이와 결론을 같이 하여 정당하므로

원고의 항소를 기각하기로 하여 주문과 같이 판결한다.

판사 00(재판장) 00 00

		]]>
		</cn>
	</file>
</root>