<?xml version="1.0" encoding="UTF-8" standalone="yes"?>
<root>
	<file>
		<category>
		<![CDATA[
판결문_민사PDF		]]>
		</category>
		<name>
		<![CDATA[
2005나2695.pdf		]]>
		</name>
		<cn>
		<![CDATA[

법제처                                                            1                                                       국가법령정보센터

 소유권이전등기등  (판례, 2005나2695)

소유권이전등기등

 창원지방법원, 2005. 9. 23., 2005나2695 
 
 전문 

 원고, 피항소인 

 피고, 항소인 

 제1심판결  창원지방법원 2000. 7. 7. 선고 98가단14729 판결

 변론종결 2005.7.22.

 주문 

 

1. 피고의 항소를 기각한다.

2. 소송총비용은 피고가 부담한다.

 청구취지 및 항소취지 1. 청구취지주위적으로, 피고는 원고에게 별지 목록 기재 부동산(이하  이 사건 부동산 이라고 하고, 개별

부동산을 지칭할 때는  제1,2,3부동산 이라고만 한다)에 관하여 이 사건 소장부본 송달일자 명의신탁 해지를 원인으로 한 소유권

이전등기절차를 이행하라. 제1예비적으로, 피고는 원고에게 이 사건 부동산에 관하여 부당이득반환을 원인으로 한 소유권이전등기

절차를 이행하라. 제2예비적으로, 피고는 원고에게 54,892,820원 및 이에 대하여 1995. 1. 24.부터 이 사건 청구취지및청구원인

변경신청서부본 송달일까지는 연 5%, 그 다음날부터 다 갚는 날까지는 연 20%의 각 비율로 계산한 돈을 지급하라(원고는 환송후

당심에서 제1, 제2예비적 청구를 추가하였다. 이 밖에도 원고는 환송전 당심까지 5,704,700원의 금전지급청구를 하였으나 이에 대

하여는 아래에서 보는 바와 같이 대법원의 환송판결로 원고승소로 확정되었다).2. 항소취지제1심 판결을 취소하고, 원고의 청구를

기각한다.

 청구취지 및 항소취지 1. 청구취지주위적으로, 피고는 원고에게 별지 목록 기재 부동산(이하  이 사건 부동산 이라고 하고, 개별

부동산을 지칭할 때는  제1,2,3부동산 이라고만 한다)에 관하여 이 사건 소장부본 송달일자 명의신탁 해지를 원인으로 한 소유권

이전등기절차를 이행하라. 제1예비적으로, 피고는 원고에게 이 사건 부동산에 관하여 부당이득반환을 원인으로 한 소유권이전등기

절차를 이행하라. 제2예비적으로, 피고는 원고에게 54,892,820원 및 이에 대하여 1995. 1. 24.부터 이 사건 청구취지및청구원인

변경신청서부본 송달일까지는 연 5%, 그 다음날부터 다 갚는 날까지는 연 20%의 각 비율로 계산한 돈을 지급하라(원고는 환송후

당심에서 제1, 제2예비적 청구를 추가하였다. 이 밖에도 원고는 환송전 당심까지 5,704,700원의 금전지급청구를 하였으나 이에 대

하여는 아래에서 보는 바와 같이 대법원의 환송판결로 원고승소로 확정되었다).2. 항소취지제1심 판결을 취소하고, 원고의 청구를

기각한다.

 청구취지 및 항소취지 1. 청구취지주위적으로, 피고는 원고에게 별지 목록 기재 부동산(이하  이 사건 부동산 이라고 하고, 개별

부동산을 지칭할 때는  제1,2,3부동산 이라고만 한다)에 관하여 이 사건 소장부본 송달일자 명의신탁 해지를 원인으로 한 소유권

이전등기절차를 이행하라. 제1예비적으로, 피고는 원고에게 이 사건 부동산에 관하여 부당이득반환을 원인으로 한 소유권이전등기

절차를 이행하라. 제2예비적으로, 피고는 원고에게 54,892,820원 및 이에 대하여 1995. 1. 24.부터 이 사건 청구취지및청구원인

변경신청서부본 송달일까지는 연 5%, 그 다음날부터 다 갚는 날까지는 연 20%의 각 비율로 계산한 돈을 지급하라(원고는 환송후

당심에서 제1, 제2예비적 청구를 추가하였다. 이 밖에도 원고는 환송전 당심까지 5,704,700원의 금전지급청구를 하였으나 이에 대

하여는 아래에서 보는 바와 같이 대법원의 환송판결로 원고승소로 확정되었다).2. 항소취지제1심 판결을 취소하고, 원고의 청구를

기각한다.



법제처                                                            2                                                       국가법령정보센터

 소유권이전등기등  (판례, 2005나2695)

 청구취지 및 항소취지 1. 청구취지주위적으로, 피고는 원고에게 별지 목록 기재 부동산(이하  이 사건 부동산 이라고 하고, 개별

부동산을 지칭할 때는  제1,2,3부동산 이라고만 한다)에 관하여 이 사건 소장부본 송달일자 명의신탁 해지를 원인으로 한 소유권

이전등기절차를 이행하라. 제1예비적으로, 피고는 원고에게 이 사건 부동산에 관하여 부당이득반환을 원인으로 한 소유권이전등기

절차를 이행하라. 제2예비적으로, 피고는 원고에게 54,892,820원 및 이에 대하여 1995. 1. 24.부터 이 사건 청구취지및청구원인

변경신청서부본 송달일까지는 연 5%, 그 다음날부터 다 갚는 날까지는 연 20%의 각 비율로 계산한 돈을 지급하라(원고는 환송후

당심에서 제1, 제2예비적 청구를 추가하였다. 이 밖에도 원고는 환송전 당심까지 5,704,700원의 금전지급청구를 하였으나 이에 대

하여는 아래에서 보는 바와 같이 대법원의 환송판결로 원고승소로 확정되었다).2. 항소취지제1심 판결을 취소하고, 원고의 청구를

기각한다.

 이유 

 1. 이 법원의 심판범위

원고는 피고를 상대로 이 사건 부동산에 관하여 이 사건 소장부본 송달일자 명의신탁 해지를 원인으로 한 소유권이전등기절차의 이

행과 5,704,700원의 금전지급의 이행을 구하였고, 이에 대하여 제1심 법원에서는 원고의 청구를 모두 인용하였으나, 피고가

항소한 환송전 당심에서는 제1심 판결 중 소유권이전등기절차의 이행을 명한 부분을 취소하여, 이에 대한 원고의 청구를 기각

하고, 금전지급청구 부분은 피고의 항소를 기각하였는바, 원고는 소유권이전등기절차이행청구 부분에 대하여, 피고는 금전지

급청구 부분에 대하여 각 상고하였다.

 이에 대법원은 원고의 상고를 받아들여 환송전 당심판결 중 소유권이전등기절차이행청구 부분을 파기하여 당심으로 환송하고

, 금전지급청구 부분은 그 지연손해금 부분을 일부 파기자판하면서 피고의 나머지 상고를 기각하였다.

 따라서 원고의 청구 중 대법원에서 확정되지 아니하고 파기환송된 소유권이전등기절차이행청구 부분과 당심에서 추가된 제1, 제

2예비적 청구 부분만이 이 법원의 심판대상이 된다.

2. 기초사실

가.  (상세성씨 생략)씨 정랑공파 15세조(제징)의 후손으로 구성된 원고종중은 1992년경 그 선영과 위토답인 0000  (상세지번 생

략) 등 임야 및 답 10필지가 군사시설로 편입됨에 따라 1993년경 그 종손인 피고에게 그 수용보상금 수령, 분묘 개장 등 선영

이전 및 그에 따른 종중 부동산의 매수 업무 등을 위임하였다.

 

나. 피고는 1995. 1. 20. 제1부동산에 관한 임의경매절차에서 이를 경락받아 1995. 3. 9. 자신 명의로 소유권이전등기를, 1995.

1. 1. 제2부동산을  소외 1로부터 매수하여 1995. 1. 24. 자신 명의로 소유권이전등기를, 1994. 12. 30. 제3부동산을  소외

2로부터 매수하여 1995. 1. 24. 자신 명의로 소유권이전등기를 각 마쳤다.

 

다.

 원고종중과 피고는, 원고종중의 위 선영, 위토답 등에 대한 보상금으로 원고종중이 이 사건 부동산을 위토답으로 대체 구입한 후

피고에게 명의신탁하여 피고 명의로 이전등기를 마쳤고 후일 원고종중 명의로 소유권이전등기를 경료할 시에는 피고는 지체 없

이 명의신탁 해지에 응한다는 내용의 1995. 4. 12.자 종중재산 명의신탁 약정서를 작성하고, 그 해 11. 24. 공증사무소에 가

서 위 명의신탁약정서에 대한 사서증서인증을 마쳤다.

 이유 



법제처                                                            3                                                       국가법령정보센터

 소유권이전등기등  (판례, 2005나2695)

 1. 이 법원의 심판범위

원고는 피고를 상대로 이 사건 부동산에 관하여 이 사건 소장부본 송달일자 명의신탁 해지를 원인으로 한 소유권이전등기절차의 이

행과 5,704,700원의 금전지급의 이행을 구하였고, 이에 대하여 제1심 법원에서는 원고의 청구를 모두 인용하였으나, 피고가

항소한 환송전 당심에서는 제1심 판결 중 소유권이전등기절차의 이행을 명한 부분을 취소하여, 이에 대한 원고의 청구를 기각

하고, 금전지급청구 부분은 피고의 항소를 기각하였는바, 원고는 소유권이전등기절차이행청구 부분에 대하여, 피고는 금전지

급청구 부분에 대하여 각 상고하였다.

 이에 대법원은 원고의 상고를 받아들여 환송전 당심판결 중 소유권이전등기절차이행청구 부분을 파기하여 당심으로 환송하고

, 금전지급청구 부분은 그 지연손해금 부분을 일부 파기자판하면서 피고의 나머지 상고를 기각하였다.

 따라서 원고의 청구 중 대법원에서 확정되지 아니하고 파기환송된 소유권이전등기절차이행청구 부분과 당심에서 추가된 제1, 제

2예비적 청구 부분만이 이 법원의 심판대상이 된다.

2. 기초사실

가.  (상세성씨 생략)씨 정랑공파 15세조(제징)의 후손으로 구성된 원고종중은 1992년경 그 선영과 위토답인 0000  (상세지번 생

략) 등 임야 및 답 10필지가 군사시설로 편입됨에 따라 1993년경 그 종손인 피고에게 그 수용보상금 수령, 분묘 개장 등 선영

이전 및 그에 따른 종중 부동산의 매수 업무 등을 위임하였다.

 

나. 피고는 1995. 1. 20. 제1부동산에 관한 임의경매절차에서 이를 경락받아 1995. 3. 9. 자신 명의로 소유권이전등기를, 1995.

1. 1. 제2부동산을  소외 1로부터 매수하여 1995. 1. 24. 자신 명의로 소유권이전등기를, 1994. 12. 30. 제3부동산을  소외

2로부터 매수하여 1995. 1. 24. 자신 명의로 소유권이전등기를 각 마쳤다.

 

다.

 원고종중과 피고는, 원고종중의 위 선영, 위토답 등에 대한 보상금으로 원고종중이 이 사건 부동산을 위토답으로 대체 구입한 후

피고에게 명의신탁하여 피고 명의로 이전등기를 마쳤고 후일 원고종중 명의로 소유권이전등기를 경료할 시에는 피고는 지체 없

이 명의신탁 해지에 응한다는 내용의 1995. 4. 12.자 종중재산 명의신탁 약정서를 작성하고, 그 해 11. 24. 공증사무소에 가

서 위 명의신탁약정서에 대한 사서증서인증을 마쳤다.


	소유권이전등기등
	전문


		]]>
		</cn>
	</file>
</root>