<?xml version="1.0" encoding="UTF-8" standalone="yes"?>
<root>
	<file>
		<category>
		<![CDATA[
판결문_형사 PDF		]]>
		</category>
		<name>
		<![CDATA[
2002노1874.pdf		]]>
		</name>
		<cn>
		<![CDATA[

직권남용감금,허위공문서작성,허위작성공...(판례, 2002노1874)

 법제처 , 1 ,  국가법령정보센터

직권남용감금,허위공문서작성,허위작성공문서행사,공용서류은닉

부산지방법원, 2002노1874, 2003. 6. 20.

전문
 피 고 인 

 항 소 인

   피고인들

 검 사 

   00

 변 호 인 

   변호사 00외 1인

 원심판결

   부산지방법원 2002. 5. 30. 선고 2001고단6893 판결

 주 문 

     원심판결을 파기한다.

     피고인 00을 징역 8월에, 피고인 00, 00을 각 징역 6월에 각 처한다.

     원심판결선고 전의 구금일수 66일을 피고인 00에 대하여, 각 3일을 피고인 00, 00에 대하여 위 각 형에 산입

한다.

     다만, 피고인 00에 대하여는 이 판결확정일로부터 1년간 위 형의 집행을 유예한다.

 이 유

  1. 항소이유의 요지

     가. 사실오인

     피고인들은 공소외 1로부터 제보를 받아 공소외 2의 공갈, 사문서위조 등 혐의사실에 대한 수사를 하면서 

수사미진 등의 잘못으로 범죄혐의가 인정된다고 판단한 것이지, 원심 판시와 같이 공소외 2의 범죄혐의가 

없다는 사실을 알고도 공소외 1 측의 부탁을 받고 공소외 2를 구속시키기 위하여 사건을 조작하기로 결의

한 뒤, 공소외 2에게 협의가 인정되는 내용의, 허위의 진술조서와 범죄인지보고서를 작성하고 공소외 2에게 

유리한 내용의 공소외 3에 대한 진술조서는 은닉하는 방법으로 혐의가 있는 것처럼 사건을 조작하고 직권을 

남용하여 공소외 2를 구속시킨 사실은 없으며, 원심이 은닉한 것으로 인정한 공소외 3에 대한 진술조서는 

단순히 메모에 불과하고 완성된 조서가 아니어서 수사기록에 함께 편철하지 않은 것뿐이다.

     그런데도 원심은 법정에서의 진술과 달라서 신빙성이 없는 공소외 1, 공소외 4의 검찰에서의 각 진술(피의

자신문조서)과 조사받았다는 시간이 실제와 달라서 신빙성이 없는 공소외 2의 검찰에서의 진술을 믿어 이 

사건 공소사실 모두를 유죄로 인정하였으므로, 원심판결에는 채증법칙을 위배하여 사실을 오인한 위법이 있

다.

     나. 양형부당



직권남용감금,허위공문서작성,허위작성공...(판례, 2002노1874)

 법제처 , 2 ,  국가법령정보센터

     피고인들이 그동안 경찰관으로 성실하게 근무해 온 점, 이 사건으로 아무런 경제적이득을 취한 바가 없는 

점 등에 비추어 보면, 원심이 피고인들에 대하여 선고한 형은 너무 무거워서 부당하다.

     2. 판단

     가. 사실오인 주장에 대하여

     원심이 적법하게 증거조사를 마쳐 채택한 여러 증거들을 종합하면, 피고인들이 원심 판시 범죄사실 첫머리 

부분의 기재와 같이 공소외 2에 대한 혐의사실을 조작하기로 결의하고 공소외 1에 대한 각 진술조서를 허

위로 작성하고, 공소외 3에 대한 진술조서는 은닉하며, 공소외 2에 대한 신용카드회원입회신청서위조, 동 행

사, 200만 원 및 피씨방 갈취의 범죄인지보고서를 작성하고, 직권을 남용하여 공소외 2를 감금한 사실을 넉

넉히 인정할 수 있다.

     반면에, 피고인들은 원심이 채택한 공소외 1과 공소외 4의 검찰진술(피의자신문조서)의 신빙성에 의문을 가

지지만, 공소외 1이 원심법정에서 검찰 조사 당시 폭행이나 협박을 당한 적이 없음을 스스로 인정하고 있는 

점, 공소외 1과 공소외 4의 검찰에서의 진술에는 원심 판시의 각 진술조서( 공소외 1)가 작성되기에 이른 

과정, 경위, 당시 피고인들이 취한 언동 등이 구체적이고 자세하게 나타나 있는 점, 그 진술내용 또한 공소

외 4, 공소외 1 사이에서도 일치되고, 공소외 2의 검찰에서의 진술과도 부합되는 점, 공소외 1의 원심법정 

진술은 자신의 진술로 인해 결과적으로 피고인들이 형사처벌까지 받게 된 것을 미안해 하면서 어차피 무고

로 처벌받을 자신의 처지를 생각해 피고인들의 범행 내용에 대해 거짓으로 진술을 하고 있을 가능성을 배제

할 수 없고 실제로 공소외 2와의 구치소 접견시에 그와 같은 취지의 진술을 한 점 등에 비추어 보면, 공소

외 1, 공소외 4의 검찰에서의 각 진술은 충분히 신빙성이 있다 할 것이고, 검찰에서의 진술을 원심법정에서 

번복하였다고 하여 곧 검찰에서의 진술의 신빙성을 부인하기는 어렵다.

     또한 공소외 2가 검찰 및 원심법정에서 2001. 8. 8. 1:00경까지 조사를 받았다는 진술과는 달리 실제로 

2001. 8. 7. 22:00경 조사를 마쳤다고 하더라도, 그 점만으로 공소외 2의 검찰에서의 원심 판시 각 범죄사

실과 관련된 일관성 있는 진술 전부의 신빙성을 의심할 수는 없다.

     나아가 공소외 3의 검찰 및 원심법정에서의 각 진술에 의하면, 피고인 00는 공소외 3의 집에서 동인을 상대

로 인쇄된 진술조서 용지를 이용하여 1시간 30분 가량 공소외 1의 제보내용처럼 공소외 2가 피씨방을 갈취

하였는지 여부를 확인하기 위하여 공소외 2가 제출한 임대차계약서의 진위여부, 공소외 2와 공소외 1의 관

계 등에 대해 질문을 하고, 공소외 3의 대답을 문답형식으로 기재한 뒤, 공소외 3에게 그 내용 확인을 위해 

읽어보고 서명을 하도록 요구하였으며, 그 기재한 매수는 3~4장 정도였던 사실을 각 인정할 수 있는바, 위 

인정사실에 비추어 보면 피고인 00가 은닉한 서류는 공용의 진술조서임이 분명하다.

     결국 원심의 증거취사와 사실인정은 정당한 것으로 수긍이 되고 거기에 채증법칙 위배로 인한 사실오인의 

위법이 있음을 찾아볼 수 없으므로, 위 주장은 이유 없다.

     나. 양형부당 주장에 대하여

     피고인들은 인신구속에 관한 직무를 수행함에 있어 공명정대하게 업무를 처리할 책무가 있는데도 불구하고, 

이러한 위치에 있음을 악용하여 사사로운 부탁에 따라 혐의사실이 없는 공소외 2에 대한 사건을 조작하기 

위해 허위로 조서를 작성하고, 공소외 2에게 유리한 자료를 은닉하는 등 조직적, 계획적으로 이 사건 범행들

을 저질러 결과적으로 공소외 2를 상당기간 아무런 이유 없이 불법구속되게 한 점에 비추어 보면 피고인들

에 대한 선처의 여지는 없다고 할 것이나, 피고인들이 상당기간 경찰에 재직하면서 성실하게 직무를 수행해 

왔던 점, 이 사건으로 어떠한 경제적 이득도 취한 바 없는 점, 이 사건으로 직위가 해제되어 이미 정신적,

경제적 고통을 겪고 있는 점, 그 밖에 피고인들의 나이, 성행, 가정환경, 이 사건 범행의 방법, 범행후의 정

황 등 이 사건에 나타난 양형조건들을 종합하여 보면, 피고인들에 대한 원심의 형량은 무거워서 부당하다고 



직권남용감금,허위공문서작성,허위작성공...(판례, 2002노1874)

 법제처 , 3 ,  국가법령정보센터

인정되므로, 위 주장은 모두 이유 있다.

     3. 결론

     따라서 형사소송법 제364조 제6항에 의하여 원심판결을 파기하고 변론을 거쳐 다시 다음과 같이 판결한다.

 범죄사실 및 증거의 요지 

  원심판결의 각 해당란에 기재된 바와 같으므로, 형사소송법 제369조에 의하여 이를 그대로 인용한다.

 법령의 적용 

  1. 범죄사실에 대한 해당 법조(피고인들)

     형법 제124조 제1항, 제227조, 제229조, 제141조 제1항, 제135조, 제30조

     2. 상상적 경합(피고인들)

     형법 제40조, 제50조(허위작성공문서행사죄 상호간)

     3. 경합범 가중(피고인들)

     형법 제37조 전단, 제38조 제1항 제2호, 제3호, 제50조

     4. 선고형의 결정

     직권남용감금죄는 10년 이하의 자격정지를 필요적으로 병과하도록 규정되어 있으나, 피고인들만이 항소한 

이 사건에서 원심이 자격정지형을 선고하지 아니하였으므로 형사소송법 제368조에 의하여 자격정지형을 별

도로 선고하지는 않는다.

     5. 미결구금일수 산입(피고인들)

     형법 제57조

     6. 집행유예(피고인 00)

     형법 제62조 제1항

판사 00(재판장) 00 00


		]]>
		</cn>
	</file>
</root>