<?xml version="1.0" encoding="UTF-8" standalone="yes"?>
<root>
	<file>
		<category>
		<![CDATA[
판결문_형사 PDF		]]>
		</category>
		<name>
		<![CDATA[
2004고단3098.pdf		]]>
		</name>
		<cn>
		<![CDATA[

법제처                                                            1                                                       국가법령정보센터

사기 (판례, 2004고단3098)

사기

서울남부지법, 2005. 1. 25., 2004고단3098
 
판시사항

부동산 매도인이 매수인에게 매매의 목적인 부동산에 관하여 타인에게 근저당권을 설정하여 주기로 약정이 되어 있다는 사정을 고

지하지 아니한 경우, 사기죄의 기망행위에 해당하는지 여부(소극)

 
 
판결요지

부동산을 매도함에 있어서 매매의 목적인 부동산에 관하여 타인에게 근저당권을 설정하여 주기로 약정이 되어 있다는 사정만으로

는, 바로 그 부동산 매매계약의 효력이나 그 매매계약에 따르는 채무의 이행에 장애를 가져오는 것이라고 볼 수 없음은 물론

, 매수인의 매매목적물에 대한 권리의 실현에 장애가 된다고도 볼 수 없는 것이므로(매수인의 권리의 실현으로 인하여 근저

당권설정계약의 상대방에 대한 관계에서 또는 근저당권설정등기를 경료함으로써 일정한 경우 매수인에 대한 관계에서 매도

인에 대하여 각 배임죄가 성립할 것인지의 여부는 별문제로 하고), 매도인이 매수인에게 그와 같은 사정을 고지하지 아니하

였다고 하여 매수인을 기망한 것이라고 볼 수 없다.

 
 
참조조문

형법 제347조 제1항

 
 
참조판례

대법원 1983. 6. 28. 선고 82도1684 판결(공1983, 1149), 대법원 1991. 12. 24. 선고 91도2698 판결(공1992, 727)

 
 
전문

피고인

검사 00

변호인 변호사 00

주문

피고인은 무죄.

이유

 1. 이 사건 공소사실의 요지

 피고인은, 사실은 1999. 2. 12. 피고인 소유의 0000  토지와 홍상필 소유의 위 0000의 14 토지 위에 지하

3층, 지상 8층의 근린생활 시설을 신축하기로 하고 위 신축공사를 000(이하 000이라 한다)

대표이사 00에게 공사대금 50억 6,500만 원에 도급주어 2000. 7. 25. 위 공사가 완공되었으나 000에 위 공

사대금 중 32억 60,895,000원을 지급해 주지 못하고, 위 공사 진행 과정에서 000로부터 2억 600만 원을 차용하

고 그 차용금을 갚지 못하자 2000. 7. 10. 000에 위 미지급 공사대금 및 차용금에 대한 담보로 위 건물 및 대지에



법제처                                                            2                                                       국가법령정보센터

사기 (판례, 2004고단3098)

대하여 피고인을 채무자로 하여 근저당권을 설정하여 주고, 위 근저당권으로도 담보가 부족한 부분에 관하여 피고인 소유의 0000

소재 임야 22,934㎡(이하 이 사건 임야라 한다)에 관하여 채권채고액 금 10억 원, 채무자 피

고인인 근저당설정등기를 경료해 주기로 약정하였으므로 이 사건 임야에 대하여 근저당권설정등기를 하여 주기로 예정되어 있

어 이 사건 임야를 타인에게 매도하더라도 그 소유권이전등기를 경료해 줄 의사나 능력이 없음에도, 처인  공소외 1과 공모하여

, 2000. 8. 31.경 0000 소재 0 사무실에서  공소외 1과 피고인의 위임을 받은 딸인  공소외

2를 통하여 피해자 00(남, 51세)에게 우리가 소유하고 있는 이 사건 임야는 서울 축협에 채권최고액 2억 8천만 원의 근저

당권이 설정되어 있을 뿐 아무런 하자가 없는 부동산이니 이 사건 임야를 대금 8억 5,000만 원에 구입하라.라고 거짓말하여

이에 속은 피해자와 같은 날 이 사건 임야를 대금 8억 5천만 원에 매도하는 매매계약을 체결하면서 피해자로부터 계약금 명목

으로 금 9,000만 원을 교부받아 이를 편취하였다.

 

 2. 판 단

 부동산을 매매함에 있어서 매도인이 매수인에게 매매와 관련된 어떤 구체적인 사정을 고지하지 아니함으로써 장차 매매의 효력

이나 매매에 따르는 채무의 이행에 장애를 가져와 매수인이 매매목적물에 대한 권리를 확보하지 못할 위험이 생길 수 있음을 알

면서도, 매수인에게 그와 같은 사정을 고지하지 아니한 채 매매계약을 체결하고 매매대금을 교부받는 한편, 매수인은 그와 같

은 사정을 고지받았더라면 매매계약을 체결하지 아니하거나 매매대금을 지급하지 아니하였을 것임이 경험칙상 명백한 경우에는

, 신의성실의 원칙상 매수인에게 미리 그와 같은 사정을 고지할 의무가 매도인에게 있다고 할 것이므로, 매도인이 매수인에게

그와 같은 사정을 고지하지 아니한 것이 사기죄의 구성요건인 기망에 해당한다고 할 것이지만, 매매로 인한 법률관계에 아무런

영향도 미칠 수 없는 것이어서 매수인의 권리의 실현에 장애가 되지 아니하는 사유까지 매도인이 매수인에게 고지할 의무가 있

다고는 볼 수 없는 것인바, 부동산을 매도함에 있어서 매매의 목적인 부동산에 관하여 타인에게 근저당권을 설정하여 주기로

약정이 되어 있다는 사정만으로는, 바로 그 부동산 매매계약의 효력이나 그 매매계약에 따르는 채무의 이행에 장애를 가져오는

것이라고 볼 수 없음은 물론, 매수인의 매매목적물에 대한 권리의 실현에 장애가 된다고도 볼 수 없는 것이므로(매수인의 권리

의 실현으로 인하여 근저당권설정계약의 상대방에 대한 관계에서 또는 근저당권설정등기를 경료함으로써 일정한 경우 매수인에

대한 관계에서 매도인에 대하여 각 배임죄가 성립할 것인지의 여부는 별문제로 하고), 매도인이 매수인에게 그와 같은 사정을

고지하지 아니하였다고 하여 매수인을 기망한 것이라고 볼 수 없다.

 검사가 제출한 증거들에 의하면, 피고인이 00에게 이 사건 부동산을 매도하기 전에 000과의 사이에 이 사건 부

동산에 관하여 위 공소사실 기재와 같은 근저당권설정계약을 체결한 사실 및 피고인이 위 매매계약 당시 00에게 위 근저당

권설정계약 체결 사실을 고지하지 아니한 사실은 인정할 수 있으나, 위에서 본 바와 같이 피고인이 00에게 위 근저당권설정

계약 체결 사실을 고지하지 아니하였다고 하여 00을 기망한 것으로 볼 수 없고, 나아가 검사가 제출한 증거들만으로는 피

고인이 기망의 고의로 00에게 위 근저당권설정계약 체결 사실을 고지하지 아니하였다거나, 00에게 소유권이전등기를

경료해 줄 의사나 능력이 없음에도 매매대금을 편취할 범의를 가지고 00을 기망하여 이 사건 임야를 매도하였음을 인정하

기에 부족하고, 달리 이를 인정할 증거가 없다.

 따라서 위 공소사실은 범죄의 증명이 없는 때에 해당하므로  형사소송법 제325조 후단에 의하여 피고인에게 무죄를 선고한다.

 

판사 00


	사기
	판시사항
	판결요지
	참조조문
	참조판례
	전문


		]]>
		</cn>
	</file>
</root>