<?xml version="1.0" encoding="UTF-8" standalone="yes"?>
<root>
	<file>
		<category>
		<![CDATA[
판결문_형사 PDF		]]>
		</category>
		<name>
		<![CDATA[
2009고단6091.pdf		]]>
		</name>
		<cn>
		<![CDATA[

21. 11. 4. 오후 3:33 부산지방법원 2010.2.23.선고 2009고단6091 판결 | 리걸엔진 - AI 판례 검색



부산지방법원 2010.2.23.선고 2009고단6091 판결
상해

사 건

2009고단6091 상해

피 고 인

00(79년생, 남)

검 사

00

변 호 인

공익법무관 00

판 결 선 고

2010. 2. 23.

주 문

피고인을 징역 3월에 처한다.

이 유

범죄 사 실

피고인은 2002. 1. 4. 서울북부지방법원에서 살인죄 등으로 징역 20년을 선고받고 2002. 5. 3. 그 판결이 확정되어 현재 부산교도소에

서 그 형의 집행 중에 있는 사람이다.



21. 11. 4. 오후 3:33 부산지방법원 2010.2.23.선고 2009고단6091 판결 | 리걸엔진 - AI 판례 검색



피고인은 2009. 10. 9. 07:55 경 0000에 있는 부산교도소 내 소동 ㅁ실에서, 독거생활을 하다가 피해자 00(42

세)이 위 호실에 입소하게 되어 불편함을 느끼던 중, 피해자와 말다툼이 생겨 순간적으로 화가 난 나머지 주먹으로 피해자의 얼굴을 수

회 때리고, 오른발로 피해자의 배, 다리부분을 수회 차 피해자에게 치료일수를 알 수 없는 안면부찰과상 등의 상해를 가하였다.

증거의 요지

1. 피고인의 법정진술

1. 00, 00에 대한 각 경찰 진술조서

1. 00 작성의 근무보고서

1. 수용자 의무기록부

1. 범죄경력 자료조회, 판결문사본(살인죄 등) 첨부보고

법령의 적용

1. 범죄사실에 대한 해당법조 및 형의 선택

형법 제257조 제1항, 징역형 선택, 이상의 이유로 주문과 같이 판결한다.

판 사

판사00


		]]>
		</cn>
	</file>
</root>