<?xml version="1.0" encoding="UTF-8" standalone="yes"?>
<root>
	<file>
		<category>
		<![CDATA[
판결문_형사 PDF		]]>
		</category>
		<name>
		<![CDATA[
2009고단2310.pdf		]]>
		</name>
		<cn>
		<![CDATA[

2021. 8. 23. 인쇄 | 국가법령정보센터

https://www.law.go.kr/lsEmpInfoPrint.do?mode=0 1/2

 서울서부지방법원 2011. 2. 23., 선고, 2009고단2310, 판결

 전문 

 피 고 인 

 검 사 

00

 변 호 인 

법무법인 000 담당 변호사 00 외 1인

 주 문 

피고인을 징역 1년에 처한다.

 이 유 

 범죄사실 

피고인은 2009. 10. 23. 서울서부지방법원에서 사기죄 등으로 징역 1년에 집행유예 2년을 선고받고 항

소하였으나, 항소가 기각되어 2010. 2. 13. 위 판결이 확정된 자이다.

피고인은 2003. 1. 16.경 0000 사무실에서 피해자 공소외 12에게  상장회사

인 공소외 15 주식회사를 인수하려고 하는데 3억원을 빌려주면 회사를 인수한 1-2개월 후에 위 3억원

을 갚고, 또한 돈을 빌려주는 대가로 위 회사 주식 3억원 상당과 이사자리를 주겠다 고 거짓말을 하였

다. 그러나 사실은 당시 피고인은 2001년경부터 신용불량자였고, 위 공소외 15 주식회사의 인수여부도

불확실하였으며, 피해자에게 차용금에 대하여 담보로 제공한 0000 00000

(호수 생략)는 이미 소유하고 있던 공유지분을 공소외 84에게 양도하여 처분권한이 없었고, 또한 경제

적 사정도 좋지 않아 피해자로부터 돈을 빌리더라도 이를 갚을 의사나 능력이 없었다.

피고인은 이와 같이 피해자를 기망하여 이에 속은 피해자로부터 차용금 명목으로 액면금 3억원의 자기

앞수표 1장을 교부받아 편취하였다.

 증거의 요지 

1. 증인 공소외 12, 22의 각 법정진술 

1.  공소외 12, 22에 대한 각 경찰 진술조서

 

1.  고소장

 

1.  공소외 14 주식회사 등기부등본, 각 분양계약서, 각 입금표, 영수증 사본, 확인서, 내용증명 사본,

사기



2021. 8. 23. 인쇄 | 국가법령정보센터

https://www.law.go.kr/lsEmpInfoPrint.do?mode=0 2/2

(호수 1, 2, 3 생략) 각 등기부등본, 공소외 17 주식회사 등기부등본

 

1.  수사보고(피의자가 제공한 부동산에 대한 담보 내용 확인)

 

1.  판시 전과 : 범죄경력조회, 수사보고(공소장 및 재판진행내역 첨부 보고)

 법령의 적용 

1. 범죄사실에 대한 해당법조

형법 제347조 제1항

 

1.  경합범처리

형법 제37조 후단, 제39조 제1항

판사 00


		]]>
		</cn>
	</file>
</root>