<?xml version="1.0" encoding="UTF-8" standalone="yes"?>
<root>
	<file>
		<category>
		<![CDATA[
03.형사_OCR		]]>
		</category>
		<name>
		<![CDATA[
2009노939.pdf		]]>
		</name>
		<cn>
		<![CDATA[

청주 방법원 2009.10.28. 선고 2009노939 판결

1


청주지방법원 2009.10.28.선고 2009노939 판결

 교통사고처리특례법위반 ,  미간행 

 전문 

 피 고 인  피고인
 항 소 인  검사  
 검 사  00

 대상판결 

 원심판결  청주지방법원 영동지원 2009. 7. 30. 선고 2009고단74 판결

 주문 

검사의 항소를 기각한다.

 이유 

1. 항소이유의 요지 
원심은, 피고인이 운전하는 자동차가 횡단보도를 보행하는 공소외인 을 충격하고, 그로 인하여 공소외인 이부축하고 있던 피해자가 밀려 넘어져 상해를 입게 되었다고 하더라도 피해자가 횡단보도 밖에서 보행하고 있었던 이상 피해자를 교통사고처리특례법 제3조 제2항 제6호 및 도로교통법 제27조 제1항 이 정하는 횡단보 도에서의 보행자보호의무의 보호대상이 된다고 할 수는 없다고 판단하였다.
그러나 위 규정은 차의 운전자에 대한 보행자보호의무를 강화하여 규정한 것일 뿐 상해의 결과가 횡단보도를 보행하는 보행자에게 발생한 경우만으로 보호의 범위를 한정한 것은 아니라고 보아야 한다. 따라서 이 사건에서 피고인이 운전하는 자동차가 횡단보도를 보행하는 공소외인 을 충격하여 피고인이 보행자보호의무를 위반 하였고, 그로 인하여 피해자가 상해를 입게 된 이상 피고인은 횡단보도 밖에서 보행하고 있던 피해자에 대한 관계에서도 보행자보호의무 위반의 죄책을 진다고 보아야 한다. 그럼에도, 피고인은 피해자에 대한 관계에서 보행자보호의무 위반의 죄책을 지지 않는다고 판단하여 피고인에게 공소기각을 선고한 원심판결에는 법리를 오해하여 판결에 영향을 미친 위법이 있다.
2. 판단
원심이 위와 같이 판단하면서 설시한 법리 및 사정들을 비롯하여 교통사고처리특례법 제3조 제2항 제6호 및도로교통법 제27조 제1항 의 입법취지에는 차를 운전하여 횡단보도를 지나는 운전자의 보행자에 대한 주의의


청주 방법원 2009.10.28. 선고 2009노939 판결

2


무뿐만 아니라 횡단보도를 통행하는 보행자의 생명,신체의 안전을 두텁게 보호하기 위한 목적까지도 포함된 것으로 봄이 상당한 점 등에 비추어 보면, 원심이 그 판시와 같은 이유로 이 사건 공소를 기각한 조처는 정당한 것으로 수긍이 되고, 원심판결에 검사가 지적한 바와 같이 법리를 오해하여 판결에 영향을 미친 위법이 있다고 보이지 않으므로, 검사의 위 주장은 이유 없다.
3. 결론
그렇다면, 검사의 항소는 이유 없으므로 형사소송법 제364조 제4항 에 의하여 이를 기각하기로 하여 주문과 같이 판결한다.

판사 00(재판장) 00 00



		]]>
		</cn>
	</file>
</root>