<?xml version="1.0" encoding="UTF-8" standalone="yes"?>
<root>
	<file>
		<category>
		<![CDATA[
판결문_형사 PDF		]]>
		</category>
		<name>
		<![CDATA[
2010고단274.pdf		]]>
		</name>
		<cn>
		<![CDATA[

21. 11. 4. 오후 3:09 부산지방법원 2010.4.21.선고 2010고단274 판결 | 리걸엔진 - AI 판례 검색

https://legalengine.co.kr/cases/40008825?사기 OR 공갈 OR 상해 OR 폭행 1/2

부산지방법원 2010.4.21.선고 2010고단274 판결
가.사기나.도로교통법위반(무면허운전)

사 건

2010고단274 가. 사기

나. 도로교통법위반(무면허운전)

피 고 인

1.가.나. 00(70년생, 남)

2.가. 00(71년생, 남)

3.가. 00(63년생, 남)

검 사

00

판 결 선 고

2010. 4. 21.

주 문

피고인 00를 징역 6월에, 피고인 00을 벌금 7,000,000원에, 피고인 00를 벌금 5,000,000원에 각 처한다.

피고인 00, 00가 위 각 벌금을 납입하지 아니하는 경우 각 50,000원을 1일로 환산한 기간 위 피고인들을 노역장에 각 유치한다. 피

고인 00, 00에 대하여 위 각 벌금에 상당한 금액의 가납을 명한다.

이 유

범죄사실

1. 피고인들



21. 11. 4. 오후 3:09 부산지방법원 2010.4.21.선고 2010고단274 판결 | 리걸엔진 - AI 판례 검색

https://legalengine.co.kr/cases/40008825?사기 OR 공갈 OR 상해 OR 폭행 2/2

피고인 00는 2009. 2. 19. 07:25경 0000에 있는 제3부두길 도로에서 피고인 00 소유의 0000 0에 피고

인 00를 탑승시키고 운전하여 가다가 운전부주의로 도로가에 주차되어 있는 0000 트레일러의 뒷부분을 들이받아 피고인

00에게 약 6주간의 치료가 필요한 우측 요골 원위부 관절내 골절 등의 상해를 입게 하였다.

피고인들은 당시 자동차운전면허가 없는 피고인 00가 교통사고를 발생시킨 것으로 위 화물차의 자동차보험사인 피해자 000

에 사고접수를 할 경우 보험금이 지급되지 않는다는 사실을 알고 마치 피고인 00이 운전하다가 교통사고가 발생된 것으로

사고접수를 하여 보험금을 수령하기로 공모하였다.

이에 피고인 00은 2009. 2. 19. 09:39경 피해자인 위 보험사의 고객서비스센터에 전화하여 마치 자신이 위와 같은 교통사고를 발생

시켜 피고인 00가 상해를 입은 것처럼 사고접수를 하였다. 그러나 사실은 피고인 00가 무면허운전을 하다가 교통사고를 발생시킨

것이다.

피고인 00는 이에 속은 피해자로부터 교통사고 보험금 명목으로 2009. 2. 26.경 504,000원, 2009. 3. 31.경 2,919,290원, 2009. 4.

24.경 1,000,000원 2009. 6. 1.경 354,470원, 2009. 6. 17.경 1,000,000원, 2009. 9. 8.경 8,687,570원, 2009. 10. 1.경 11,500,000

원, 2009. 10. 5.경 452,730원, 2009. 10. 14.경 150,000원 등 합계 26,568,060원을 지급받았다.

이로써 피고인들은 공모하여 피해자를 기망하여 재물을 교부받았다.

2. 피고인 00

피고인은 2009. 2. 19. 07:25 경 0000에 있는 0 앞 도로부터 0000에 있는 공사현장에 이르기까

지 약 20㎞ 구간에서 자동차운전면허를 받지 아니하고 0000 0 화물차를 운전하였다.

증거의 요지

1. 피고인들의 법정진술

1. 00에 대한 경찰진술조서

1. 수사보고(보험금 수령 내역) 법령의 적용

1. 범죄사실에 대한 해당법조 및 형의 선택 피고인 00 : 형법 제347조 제1항, 제30조, 도로교통법 제152조 제1호, 제43조(징역형 선

택)

피고인 00, 00 : 각 형법 제347조 제1항, 제30조(벌금형 선택)

1. 경합범가중

피고인 00 : 형법 제37조 전단, 제38조 제1항 제2호, 제50조

1. 노역장유치

피고인 00, 00 : 각 형법 제70조, 제69조 제2항

1. 가납명령

피고인 00, 00 : 각 형사소송법 제334조 제1항

판 사

판사 00


		]]>
		</cn>
	</file>
</root>