<?xml version="1.0" encoding="UTF-8" standalone="yes"?>
<root>
	<file>
		<category>
		<![CDATA[
211103_행정사건PDF		]]>
		</category>
		<name>
		<![CDATA[
2010노1311.pdf		]]>
		</name>
		<cn>
		<![CDATA[

법제처                                                            1                                                       국가법령정보센터

정보통신망이용촉진및정보보호등에관한법률... (판례, 2010노1311)

정보통신망이용촉진및정보보호등에관한법률위반

서울북부지방법원, 2010. 12. 10., 2010노1311
 
전문

피 고 인

항 소 인 피고인

검 사 00

원심판결 서울북부지방법원 2010. 7. 27. 선고 2010고정2386 판결

주문



 원심판결을 파기한다.

 피고인을 벌금 1,200,000원에 처한다.

 피고인이 위 벌금을 납입하지 아니하는 경우 50,000원을 1일로 환산한 기간 피고인을 노역장에 유치한다.

이유

 1. 항소이유의 요지

 원심의 형(벌금 1,200,000원)은 무거워서 부당하다.

 2. 직권판단

 직권으로 살피건대,  정보통신망 이용촉진 및 정보보호 등에 관한 법률 제74조 제1항 제3호,  제44조의 7 제1항 제3호의 범죄는 구

성요건상 정보통신망을 이용하여 상대방의 불안감 등을 조성하는 일정 행위의 반복을 필수적인 요건으로 삼고 있고, 위 정보통

신망을 이용한 일련의 불안감 조성행위가 각 행위 상호간에 일시,장소의 근접, 방법의 유사성, 기회의 동일, 범의의 계속 등 밀

접한 관계가 있어 그 전체를 일련의 반복적인 행위로 평가할 수 있는 경우 이를 포괄일죄로 처벌하여야 하는데, 이 사건은 피고

인이 유부녀인 피해자와 성관계를 가진 것을 빌미로 2009. 5. 28. 17:16경 피해자의 휴대폰으로 하하 까발겨 제발 부탁 한다

내가 너한테 받으면 받았지 널 준다면 나도 너처럼 싸이코패스지 정신 차려 사람 좀 되라 니 집 전번 가르쳐줘 남편이 나를 만난

다니 내가 전화할게 부탁 한다 참는 것도 한계가 있다라는 내용의 문자메세지를 발송하는 등 별지 범죄일람표와 같이 2009.

5. 28. 2회, 2009. 5. 31. 2회 문자메세지를 발송하여 피해자에게 도달하게 하였는바, 각 행위 전체를 일련의 반복적인 행위

로 평가할 수 있어 포괄일죄에 해당함에도 원심은 각 문자메세지 발송행위를 각각 별개의 범죄로 보고 이를 경합범으로 처리한

위법을 범하였고, 이러한 위법은 판결에 영향을 미쳤다고 할 것이므로, 이 점에서 원심판결은 더 이상 유지될 수 없게 되었다.

 

 3. 결론

 그렇다면, 원심판결에는 위에서 본 직권파기사유가 있으므로 피고인의 양형부당 주장에 대한 판단을 생략한 채,  형사소송법 제

364조 제2항에 의하여 원심판결을 파기하고, 변론을 거쳐 다시 다음과 같이 판결한다.

  

이유

 1. 항소이유의 요지

 원심의 형(벌금 1,200,000원)은 무거워서 부당하다.



법제처                                                            2                                                       국가법령정보센터

정보통신망이용촉진및정보보호등에관한법률... (판례, 2010노1311)

 2. 직권판단

 직권으로 살피건대,  정보통신망 이용촉진 및 정보보호 등에 관한 법률 제74조 제1항 제3호,  제44조의 7 제1항 제3호의 범죄는 구

성요건상 정보통신망을 이용하여 상대방의 불안감 등을 조성하는 일정 행위의 반복을 필수적인 요건으로 삼고 있고, 위 정보통

신망을 이용한 일련의 불안감 조성행위가 각 행위 상호간에 일시,장소의 근접, 방법의 유사성, 기회의 동일, 범의의 계속 등 밀

접한 관계가 있어 그 전체를 일련의 반복적인 행위로 평가할 수 있는 경우 이를 포괄일죄로 처벌하여야 하는데, 이 사건은 피고

인이 유부녀인 피해자와 성관계를 가진 것을 빌미로 2009. 5. 28. 17:16경 피해자의 휴대폰으로 하하 까발겨 제발 부탁 한다

내가 너한테 받으면 받았지 널 준다면 나도 너처럼 싸이코패스지 정신 차려 사람 좀 되라 니 집 전번 가르쳐줘 남편이 나를 만난

다니 내가 전화할게 부탁 한다 참는 것도 한계가 있다라는 내용의 문자메세지를 발송하는 등 별지 범죄일람표와 같이 2009.

5. 28. 2회, 2009. 5. 31. 2회 문자메세지를 발송하여 피해자에게 도달하게 하였는바, 각 행위 전체를 일련의 반복적인 행위

로 평가할 수 있어 포괄일죄에 해당함에도 원심은 각 문자메세지 발송행위를 각각 별개의 범죄로 보고 이를 경합범으로 처리한

위법을 범하였고, 이러한 위법은 판결에 영향을 미쳤다고 할 것이므로, 이 점에서 원심판결은 더 이상 유지될 수 없게 되었다.

 

 3. 결론

 그렇다면, 원심판결에는 위에서 본 직권파기사유가 있으므로 피고인의 양형부당 주장에 대한 판단을 생략한 채,  형사소송법 제

364조 제2항에 의하여 원심판결을 파기하고, 변론을 거쳐 다시 다음과 같이 판결한다.

  

이유

 1. 항소이유의 요지

 원심의 형(벌금 1,200,000원)은 무거워서 부당하다.

 2. 직권판단

 직권으로 살피건대,  정보통신망 이용촉진 및 정보보호 등에 관한 법률 제74조 제1항 제3호,  제44조의 7 제1항 제3호의 범죄는 구

성요건상 정보통신망을 이용하여 상대방의 불안감 등을 조성하는 일정 행위의 반복을 필수적인 요건으로 삼고 있고, 위 정보통

신망을 이용한 일련의 불안감 조성행위가 각 행위 상호간에 일시,장소의 근접, 방법의 유사성, 기회의 동일, 범의의 계속 등 밀

접한 관계가 있어 그 전체를 일련의 반복적인 행위로 평가할 수 있는 경우 이를 포괄일죄로 처벌하여야 하는데, 이 사건은 피고

인이 유부녀인 피해자와 성관계를 가진 것을 빌미로 2009. 5. 28. 17:16경 피해자의 휴대폰으로 하하 까발겨 제발 부탁 한다

내가 너한테 받으면 받았지 널 준다면 나도 너처럼 싸이코패스지 정신 차려 사람 좀 되라 니 집 전번 가르쳐줘 남편이 나를 만난

다니 내가 전화할게 부탁 한다 참는 것도 한계가 있다라는 내용의 문자메세지를 발송하는 등 별지 범죄일람표와 같이 2009.

5. 28. 2회, 2009. 5. 31. 2회 문자메세지를 발송하여 피해자에게 도달하게 하였는바, 각 행위 전체를 일련의 반복적인 행위

로 평가할 수 있어 포괄일죄에 해당함에도 원심은 각 문자메세지 발송행위를 각각 별개의 범죄로 보고 이를 경합범으로 처리한

위법을 범하였고, 이러한 위법은 판결에 영향을 미쳤다고 할 것이므로, 이 점에서 원심판결은 더 이상 유지될 수 없게 되었다.

 

 3. 결론

 그렇다면, 원심판결에는 위에서 본 직권파기사유가 있으므로 피고인의 양형부당 주장에 대한 판단을 생략한 채,  형사소송법 제

364조 제2항에 의하여 원심판결을 파기하고, 변론을 거쳐 다시 다음과 같이 판결한다.



법제처                                                            3                                                       국가법령정보센터

정보통신망이용촉진및정보보호등에관한법률... (판례, 2010노1311)

  

이유

 1. 항소이유의 요지

 원심의 형(벌금 1,200,000원)은 무거워서 부당하다.

 2. 직권판단

 직권으로 살피건대,  정보통신망 이용촉진 및 정보보호 등에 관한 법률 제74조 제1항 제3호,  제44조의 7 제1항 제3호의 범죄는 구

성요건상 정보통신망을 이용하여 상대방의 불안감 등을 조성하는 일정 행위의 반복을 필수적인 요건으로 삼고 있고, 위 정보통

신망을 이용한 일련의 불안감 조성행위가 각 행위 상호간에 일시,장소의 근접, 방법의 유사성, 기회의 동일, 범의의 계속 등 밀

접한 관계가 있어 그 전체를 일련의 반복적인 행위로 평가할 수 있는 경우 이를 포괄일죄로 처벌하여야 하는데, 이 사건은 피고

인이 유부녀인 피해자와 성관계를 가진 것을 빌미로 2009. 5. 28. 17:16경 피해자의 휴대폰으로 하하 까발겨 제발 부탁 한다

내가 너한테 받으면 받았지 널 준다면 나도 너처럼 싸이코패스지 정신 차려 사람 좀 되라 니 집 전번 가르쳐줘 남편이 나를 만난

다니 내가 전화할게 부탁 한다 참는 것도 한계가 있다라는 내용의 문자메세지를 발송하는 등 별지 범죄일람표와 같이 2009.

5. 28. 2회, 2009. 5. 31. 2회 문자메세지를 발송하여 피해자에게 도달하게 하였는바, 각 행위 전체를 일련의 반복적인 행위

로 평가할 수 있어 포괄일죄에 해당함에도 원심은 각 문자메세지 발송행위를 각각 별개의 범죄로 보고 이를 경합범으로 처리한

위법을 범하였고, 이러한 위법은 판결에 영향을 미쳤다고 할 것이므로, 이 점에서 원심판결은 더 이상 유지될 수 없게 되었다.

 

 3. 결론

 그렇다면, 원심판결에는 위에서 본 직권파기사유가 있으므로 피고인의 양형부당 주장에 대한 판단을 생략한 채,  형사소송법 제

364조 제2항에 의하여 원심판결을 파기하고, 변론을 거쳐 다시 다음과 같이 판결한다.

  


	정보통신망이용촉진및정보보호등에관한법률위반
	전문


		]]>
		</cn>
	</file>
</root>