<?xml version="1.0" encoding="UTF-8" standalone="yes"?>
<root>
	<file>
		<category>
		<![CDATA[
판결문_형사 PDF		]]>
		</category>
		<name>
		<![CDATA[
2010노1429.pdf		]]>
		</name>
		<cn>
		<![CDATA[

법제처                                                            1                                                       국가법령정보센터

사기 (판례, 2010노1429)

사기

대구지방법원, 2010. 11. 26., 2010노1429

전문

피 고 인

항 소 인 검사

검 사 00

변 호 인 변호사 00(국선)

원심판결 대구지방법원 2010. 4. 15. 선고 2009고단3511 판결

주문



검사의 항소를 기각한다.

이유

1. 항소이유의 요지

 피고인은 이미 2002년경부터 다른 채권자로부터 빌린 원금과 이자 합계액이 5,000만 원 상당에 이르고 있었고,  공소외 1 공사로

부터 받은 급여 외에는 피해자로부터 차용한 돈을 변제할 자력이 없었으며, 실제 차용한 돈을 변제하지 못한 점, 피고인은 이

사건 범행 당시  공소외 1 공사에서 퇴직할 계획이 없었고 퇴직금으로 피해자의 채무를 변제할 계획이 전혀 없었으므로, 피고인

의 변제능력을 판단함에 있어 피고인이 파면되지 않았으면 받을 수 있었던 퇴직금을 고려하여서는 안 되는 점, 피고인은 피해자

에게 급여통장까지 제공하고 월 7부의 고리의 이자를 주겠다고 한 점,  공소외 1 공사의 직원으로서 댐건설공사와 관련하여 돈

을 편취한 것으로 문제가 되어 이에 대한 합의금 명목으로 피해자에게 피고인의 급여명세서까지 보여주면서 돈을 빌린 점 등에

비추어 보면, 피고인의 편취 범의를 넉넉히 인정할 수 있음에도 불구하고, 원심은 이 사건 공소사실을 무죄로 판단하였으니 원

심판결에는 채증법칙을 위배하여 사실을 오인함으로써 판결에 영향을 미친 위법이 있다.

 

2. 판단

 이 사건 증거들을 기록에 비추어 면밀히 검토해 보면, 원심이 그 판시와 같은 이유를 들어 검사 제출의 증거들만으로는 피고인

에게 이 사건 공소사실에 대한 미필적 고의가 있었음이 합리적 의심의 여지가 없을 정도로 입증되었다고 보기는 부족하다고 보

아 무죄라고 판단한 조처는 정당한 것으로 수긍이 되고, 원심판결에 검사가 지적한 바와 같이 채증법칙을 위배하여 사실을 오

인함으로써 판결에 영향을 미친 위법이 있다고 보이지 않는다.

 따라서 검사의 위 주장은 이유 없다.

3. 결론

 그렇다면 검사의 항소는 이유 없으므로  형사소송법 제364조 제4항에 의하여 기각하기로 하여 주문과 같이 판결한다.

 

판사 00(재판장) 00 00 


	사기
	전문


		]]>
		</cn>
	</file>
</root>