<?xml version="1.0" encoding="UTF-8" standalone="yes"?>
<root>
	<file>
		<category>
		<![CDATA[
03.형사_OCR		]]>
		</category>
		<name>
		<![CDATA[
2010고단189.pdf		]]>
		</name>
		<cn>
		<![CDATA[

특정범죄가중처벌등에관한법률위반 (절도) (판례,2010고단 189)

법제처 , 1 , 국가법령정보센터 

특정범죄가중처벌등에관한법률위반 절도

대전지방법원 천안지원 고단  2010 189, 2010. 4. 8.

전문

피 고 인  

검 사 

손지혜   

변 호 인  

사법연수생 00 (국선)  

주 문  

피고인을 징역 1년 6월에 처한다.     

이 유 

범죄사실 

피고인은 서울형사지방법원에서 야간주거침입절도죄로 징역 10월을 선고받고 1984. 7. 9. 부산지 
방법원에서 절도죄 등으로 징역 10월을 선고받고 1986. 7. 10 수원지방법원에서 절도죄로 징역 1년을 선고받고
1996. 6. 7대전지방법원 천안지원에서 절도죄 등으로 징역 1년에 집행유예 2년을 선고받고, 2001. 4.27 

대전지방법원에서 특정범죄가중처벌등에관한법률위반 절도 죄 등으로 징역 2년을 선고받고 2006. 7. 19. 
대전지방법원에서 특정범죄가중처벌등에관한법률위반 절도 죄 등으로 징역 2년을 선고받고  2008. 8. 25. 
교도소에서 그 형의 집행을 마쳤다.

피고인은 2010.2.11 02:40경 0000 에 있는 0대학교 0병원 장례식장 5호실에서서 잠을 자고 있는 피해자 
공소외인의 옆에 누운 후 피해자가 주의를 소홀히 하고 있는 틈을 이용하여 피해자, 
의 바지 뒷주머니에 손을 집어넣어 지갑을 꺼내어 가려고 하였으나 잠에서 깨어난 피해자에게 발각되는 바람에 
그 뜻을 이루지 못하고 미수에 그쳤다.

증거의 요지  

1.피고인의 일부 법정진술   

1.증인 공소외인의 법정진술     

1.피고인에 대한 검찰 피의자신문조서      

1.공소외인에 대한 경찰 진술조서      

1.압수조서      

1.CCTV 검증 결과     

1.각 수사보고     

1.각 사진     

변호인의 주장에 대한 판단

변호인은 피고인이 이 사건 범행 당시 술에 취하여 심신상실 또는 심신미약의 상태에 있었으므로 형법 제 10조 



특정범죄가중처벌등에관한법률위반 (절도) (판례,2010고단 189)

법제처 , 2 , 국가법령정보센터 

1항 제 2항에 따라 벌하지 아니하거나 또는 필요적으로 그 형을 감경하여야 한다는 취지로 주장한다

그러므로 살피건대 증거조사결과에 의하면 피고인이 위 범행 당시 다소 술을 마셨던 사실은 인정되나 그로     
인하여 사물을 변별할 능력이나 의사를 결정할 능력이 없었다거나 미약한 상태에 이르렀다고는 보이지 아니하
므로 변호인의 위 주장은 받아들이지 아니한다, .

법령의 적용  

1.범죄사실에 대한 해당법조  1. 

특정범죄 가중처벌 등에 관한 법률 제 5조의4 제 5항, 제1항. 형법 제329조 제342조 유기징역형 선택    

1.누범가중    

형법 제 조 제 조 단서     35 , 42

1.작량감경    

형법 제 53조 제55 조 제1 항 제3 호    

이상의 이유로 주문과 같이 판결한다.    

판사 00


		]]>
		</cn>
	</file>
</root>