[
    {
      "id": 1,
      "category": "온라인 욕설",
      "text": "피고인은 SNS에서 피해자의 외모를 조롱하며 인신공격성 댓글을 지속적으로 게시했다.",
      "settlement": 150000,
      "sentence": 3,
      "verdict_summary": "SNS에서 피해자의 외모를 조롱하며 명예훼손 및 모욕 혐의로 징역 3개월, 합의금 150000원 선고.",
      "keywords": [
        "SNS",
        "외모 비하",
        "모욕"
      ]
    },
    {
      "id": 2,
      "category": "온라인 욕설",
      "text": "피고인은 피해자의 정치적 성향을 비판하며 비속어가 포함된 게시물을 반복적으로 업로드했다.",
      "settlement": 200000,
      "sentence": 4,
      "verdict_summary": "정치적 성향을 비판하며 비속어 사용 혐의로 징역 4개월, 합의금 200000원 선고.",
      "keywords": [
        "정치적 성향",
        "비속어",
        "모욕"
      ]
    },
    {
      "id": 3,
      "category": "온라인 욕설",
      "text": "피고인은 게임 커뮤니티에서 피해자를 대상으로 욕설을 포함한 글을 수십 회 게시하며 정신적 피해를 입혔다.",
      "settlement": 250000,
      "sentence": 5,
      "verdict_summary": "게임 커뮤니티에서 피해자에게 반복적 욕설로 징역 5개월, 합의금 250000원 선고.",
      "keywords": [
        "게임 커뮤니티",
        "욕설",
        "괴롭힘"
      ]
    },
    {
      "id": 4,
      "category": "온라인 욕설",
      "text": "피고인은 온라인 강의 플랫폼에서 특정 강사의 이름을 언급하며 모욕적인 댓글을 게시했다.",
      "settlement": 180000,
      "sentence": 3,
      "verdict_summary": "온라인 강의 플랫폼에서 강사 모욕 혐의로 징역 3개월, 합의금 180000원 선고.",
      "keywords": [
        "온라인 강의",
        "강사 모욕",
        "댓글"
      ]
    },
    {
      "id": 5,
      "category": "온라인 욕설",
      "text": "피고인은 익명 커뮤니티에서 피해자의 직업을 조롱하며 비난하는 글을 여러 차례 게시했다.",
      "settlement": 220000,
      "sentence": 4,
      "verdict_summary": "익명 커뮤니티에서 직업 조롱으로 인한 명예훼손 혐의로 징역 4개월, 합의금 220000원 선고.",
      "keywords": [
        "익명 커뮤니티",
        "직업 조롱",
        "명예훼손"
      ]
    },
    {
      "id": 6,
      "category": "온라인 욕설",
      "text": "피고인은 피해자가 운영하는 블로그에 악성 댓글을 달며 정신적 고통을 초래했다.",
      "settlement": 300000,
      "sentence": 6,
      "verdict_summary": "블로그에 악성 댓글을 단 혐의로 징역 6개월, 합의금 300000원 선고.",
      "keywords": [
        "블로그",
        "악성 댓글",
        "정신적 고통"
      ]
    },
    {
      "id": 7,
      "category": "온라인 욕설",
      "text": "피고인은 특정 온라인 기사에 피해자를 겨냥한 악의적인 댓글을 반복적으로 게시했다.",
      "settlement": 170000,
      "sentence": 3,
      "verdict_summary": "온라인 기사 댓글을 통해 피해자에게 악의적 비난을 한 혐의로 징역 3개월, 합의금 170000원 선고.",
      "keywords": [
        "온라인 기사",
        "악의적 비난",
        "댓글"
      ]
    },
    {
      "id": 8,
      "category": "온라인 욕설",
      "text": "피고인은 소셜 미디어 라이브 방송에서 피해자를 지목하며 부적절한 표현을 사용했다.",
      "settlement": 210000,
      "sentence": 4,
      "verdict_summary": "소셜 미디어 방송에서 부적절 표현 사용 혐의로 징역 4개월, 합의금 210000원 선고.",
      "keywords": [
        "소셜 미디어",
        "라이브 방송",
        "부적절 표현"
      ]
    },
    {
      "id": 9,
      "category": "온라인 욕설",
      "text": "피고인은 커뮤니티 게시판에서 피해자의 가족을 언급하며 심각한 욕설을 남겼다.",
      "settlement": 400000,
      "sentence": 7,
      "verdict_summary": "커뮤니티 게시판에서 가족 비방 혐의로 징역 7개월, 합의금 400000원 선고.",
      "keywords": [
        "커뮤니티",
        "가족 비방",
        "욕설"
      ]
    },
    {
      "id": 10,
      "category": "온라인 욕설",
      "text": "피고인은 온라인 게임에서 피해자에게 반복적으로 비속어를 사용하며 괴롭혔다.",
      "settlement": 350000,
      "sentence": 6,
      "verdict_summary": "온라인 게임에서 지속적 비속어 사용 혐의로 징역 6개월, 합의금 350000원 선고.",
      "keywords": [
        "온라인 게임",
        "비속어",
        "괴롭힘"
      ]
    },
    {
      "id": 11,
      "category": "온라인 욕설",
      "text": "피고인은 피해자의 학력을 조롱하며 부정확한 정보를 포함한 글을 게시했다.",
      "settlement": 200000,
      "sentence": 4,
      "verdict_summary": "학력을 조롱하며 허위 사실을 게시한 혐의로 징역 4개월, 합의금 200000원 선고.",
      "keywords": [
        "학력 조롱",
        "허위 사실",
        "명예훼손"
      ]
    },
    {
      "id": 12,
      "category": "온라인 욕설",
      "text": "피고인은 피해자의 사업체를 겨냥한 악의적인 리뷰를 작성하여 경제적 손실을 초래했다.",
      "settlement": 500000,
      "sentence": 8,
      "verdict_summary": "사업체에 악의적 리뷰를 작성하여 경제적 손실을 초래한 혐의로 징역 8개월, 합의금 500000원 선고.",
      "keywords": [
        "사업체 비방",
        "악성 리뷰",
        "경제적 손실"
      ]
    },
    {
      "id": 13,
      "category": "온라인 욕설",
      "text": "피고인은 피해자의 특정 종교를 겨냥한 차별적 발언을 여러 차례 게시했다.",
      "settlement": 300000,
      "sentence": 6,
      "verdict_summary": "종교를 겨냥한 차별적 발언으로 징역 6개월, 합의금 300000원 선고.",
      "keywords": [
        "종교 비방",
        "차별",
        "모욕"
      ]
    },
    {
      "id": 14,
      "category": "온라인 욕설",
      "text": "피고인은 피해자의 신체 조건을 공개적으로 비난하며 조롱하는 게시물을 작성했다.",
      "settlement": 250000,
      "sentence": 5,
      "verdict_summary": "신체 조건 비하 발언으로 징역 5개월, 합의금 250000원 선고.",
      "keywords": [
        "신체 조건",
        "조롱",
        "모욕"
      ]
    },
    {
      "id": 15,
      "category": "온라인 욕설",
      "text": "피고인은 피해자의 사생활을 유추할 수 있는 정보를 공개하며 모욕적인 발언을 했다.",
      "settlement": 400000,
      "sentence": 7,
      "verdict_summary": "사생활 침해 및 모욕 혐의로 징역 7개월, 합의금 400000원 선고.",
      "keywords": [
        "사생활 침해",
        "모욕",
        "개인정보"
      ]
    },
    {
      "id": 16,
      "category": "온라인 욕설",
      "text": "피고인은 피해자가 속한 단체를 비하하며 악성 댓글을 남겼다.",
      "settlement": 320000,
      "sentence": 5,
      "verdict_summary": "단체 비하 및 악성 댓글 작성 혐의로 징역 5개월, 합의금 320000원 선고.",
      "keywords": [
        "단체 비하",
        "악성 댓글",
        "명예훼손"
      ]
    },
    {
      "id": 17,
      "category": "온라인 욕설",
      "text": "피고인은 피해자의 게시물에 공격적인 밈을 반복적으로 게시하며 심리적 압박을 가했다.",
      "settlement": 180000,
      "sentence": 4,
      "verdict_summary": "공격적 밈 게시로 인한 모욕 혐의로 징역 4개월, 합의금 180000원 선고.",
      "keywords": [
        "공격적 밈",
        "모욕",
        "심리적 압박"
      ]
    },
    {
      "id": 18,
      "category": "온라인 욕설",
      "text": "피고인은 피해자의 음악 작품을 비하하며 허위 사실을 담은 리뷰를 작성했다.",
      "settlement": 280000,
      "sentence": 5,
      "verdict_summary": "음악 작품 비하 및 허위 리뷰 작성 혐의로 징역 5개월, 합의금 280000원 선고.",
      "keywords": [
        "음악 작품",
        "비하",
        "허위 리뷰"
      ]
    },
    {
      "id": 19,
      "category": "온라인 욕설",
      "text": "피고인은 피해자의 국적을 이유로 차별적 언어를 사용하며 지속적으로 괴롭혔다.",
      "settlement": 350000,
      "sentence": 6,
      "verdict_summary": "국적을 이유로 차별적 언어 사용 혐의로 징역 6개월, 합의금 350000원 선고.",
      "keywords": [
        "국적 차별",
        "괴롭힘",
        "모욕"
      ]
    },
    {
      "id": 20,
      "category": "온라인 욕설",
      "text": "피고인은 피해자의 블로그 게시물에 허위 주장을 담은 댓글을 작성하며 명예를 훼손했다.",
      "settlement": 240000,
      "sentence": 4,
      "verdict_summary": "블로그에 허위 주장을 담은 댓글로 명예훼손 혐의로 징역 4개월, 합의금 240000원 선고.",
      "keywords": [
        "블로그",
        "허위 주장",
        "명예훼손"
      ]
    },
    {
      "id": 21,
      "category": "온라인 욕설",
      "text": "피고인은 피해자의 신념을 폄하하는 글을 SNS에 공유하며 공격적인 댓글을 추가했다.",
      "settlement": 230000,
      "sentence": 4,
      "verdict_summary": "피해자의 신념을 폄하하며 공격적인 댓글 작성 혐의로 징역 4개월, 합의금 230000원 선고.",
      "keywords": [
        "신념 폄하",
        "SNS",
        "공격적 댓글"
      ]
    },
    {
      "id": 22,
      "category": "온라인 욕설",
      "text": "피고인은 피해자의 아이디어를 조롱하며 무례한 표현이 포함된 메시지를 보냈다.",
      "settlement": 190000,
      "sentence": 3,
      "verdict_summary": "아이디어 조롱 및 무례한 메시지 발송 혐의로 징역 3개월, 합의금 190000원 선고.",
      "keywords": [
        "아이디어 조롱",
        "무례한 메시지",
        "괴롭힘"
      ]
    },
    {
      "id": 23,
      "category": "온라인 욕설",
      "text": "피고인은 피해자가 작성한 리뷰를 비하하며 폭언 섞인 답글을 작성했다.",
      "settlement": 210000,
      "sentence": 4,
      "verdict_summary": "리뷰 비하 및 폭언 섞인 답글 작성 혐의로 징역 4개월, 합의금 210000원 선고.",
      "keywords": [
        "리뷰 비하",
        "폭언",
        "모욕"
      ]
    },
    {
      "id": 24,
      "category": "온라인 욕설",
      "text": "피고인은 피해자의 온라인 판매 상품에 대해 허위 사실을 퍼뜨리며 비난 댓글을 달았다.",
      "settlement": 320000,
      "sentence": 5,
      "verdict_summary": "상품 비방 및 허위 사실 유포 혐의로 징역 5개월, 합의금 320000원 선고.",
      "keywords": [
        "상품 비방",
        "허위 사실",
        "댓글"
      ]
    },
    {
      "id": 25,
      "category": "온라인 욕설",
      "text": "피고인은 피해자의 소셜 미디어 계정을 해킹하여 부적절한 게시물을 올렸다.",
      "settlement": 600000,
      "sentence": 10,
      "verdict_summary": "소셜 미디어 계정 해킹 및 부적절 게시물 게시 혐의로 징역 10개월, 합의금 600000원 선고.",
      "keywords": [
        "계정 해킹",
        "부적절 게시물",
        "모욕"
      ]
    },
    {
      "id": 26,
      "category": "온라인 욕설",
      "text": "피고인은 피해자의 특정 연령대를 비하하는 발언을 온라인 게시물로 작성했다.",
      "settlement": 220000,
      "sentence": 4,
      "verdict_summary": "연령대 비하 발언 작성 혐의로 징역 4개월, 합의금 220000원 선고.",
      "keywords": [
        "연령대 비하",
        "게시물",
        "모욕"
      ]
    },
    {
      "id": 27,
      "category": "온라인 욕설",
      "text": "피고인은 피해자의 사진을 무단으로 사용하며 비하하는 이미지를 제작하여 유포했다.",
      "settlement": 400000,
      "sentence": 7,
      "verdict_summary": "사진 무단 사용 및 비하 이미지 유포 혐의로 징역 7개월, 합의금 400000원 선고.",
      "keywords": [
        "사진 무단 사용",
        "이미지 유포"
      ]
    },
    {
        "id": 28,
        "category": "온라인 욕설",
        "text": "피고인은 피해자에 대해 허위 사실을 작성한 게시글을 다수 작성하고 유포했다.",
        "settlement": 500000,
        "sentence": 10,
        "verdict_summary": "허위사실 유포 혐의로 징역 10개월, 합의금 500000원 선고.",
        "keywords": [
        "허위사실 유포",
        "게시글 작성"
        ]
    },
    {
        "id": 29,
        "category": "온라인 욕설",
        "text": "피고인은 피해자의 개인정보를 온라인 커뮤니티에 게시하며 협박했다.",
        "settlement": 700000,
        "sentence": 12,
        "verdict_summary": "개인정보 유출 및 협박 혐의로 징역 12개월, 합의금 700000원 선고.",
        "keywords": [
        "개인정보 유출",
        "협박"
        ]
    },
    {
        "id": 30,
        "category": "온라인 욕설",
        "text": "피고인은 피해자의 명예를 훼손하는 이미지를 제작하여 공유했다.",
        "settlement": 300000,
        "sentence": 8,
        "verdict_summary": "명예훼손 혐의로 징역 8개월, 합의금 300000원 선고.",
        "keywords": [
        "명예훼손",
        "이미지 공유"
        ]
    },
    {
        "id": 31,
        "category": "온라인 욕설",
        "text": "피고인은 가짜 상품 판매 글을 올려 다수의 피해자를 속였다.",
        "settlement": 1000000,
        "sentence": 15,
        "verdict_summary": "온라인 사기 혐의로 징역 15개월, 합의금 1000000원 선고.",
        "keywords": [
        "가짜 상품",
        "사기"
        ]
    },
    {
        "id": 32,
        "category": "온라인 욕설",
        "text": "피고인은 피해자에게 모욕적인 별명을 붙여 다수의 게시글을 작성했다.",
        "settlement": 200000,
        "sentence": 5,
        "verdict_summary": "모욕 혐의로 징역 5개월, 합의금 200000원 선고.",
        "keywords": [
        "모욕 게시글",
        "별명"
        ]
    },
    {
        "id": 33,
        "category": "온라인 욕설",
        "text": "피고인은 피해자의 사진을 편집하여 조롱하는 이미지를 배포했다.",
        "settlement": 400000,
        "sentence": 9,
        "verdict_summary": "사이버 괴롭힘 혐의로 징역 9개월, 합의금 400000원 선고.",
        "keywords": [
        "사진 편집",
        "조롱 이미지"
        ]
    },
    {
        "id": 34,
        "category": "온라인 욕설",
        "text": "피고인은 피해자의 동의 없이 집 내부 사진을 촬영해 SNS에 공개했다.",
        "settlement": 600000,
        "sentence": 11,
        "verdict_summary": "사생활 침해 혐의로 징역 11개월, 합의금 600000원 선고.",
        "keywords": [
        "사생활 침해",
        "사진 공개"
        ]
    },
    {
        "id": 35,
        "category": "온라인 욕설",
        "text": "피고인은 피해자의 가족을 겨냥한 협박 메시지를 반복적으로 보냈다.",
        "settlement": 800000,
        "sentence": 14,
        "verdict_summary": "온라인 협박 혐의로 징역 14개월, 합의금 800000원 선고.",
        "keywords": [
        "협박 메시지",
        "가족 위협"
        ]
    },
    {
        "id": 36,
        "category": "온라인 욕설",
        "text": "피고인은 피해자 가게에 악의적인 허위 리뷰를 반복적으로 작성했다.",
        "settlement": 300000,
        "sentence": 7,
        "verdict_summary": "허위 리뷰 작성 혐의로 징역 7개월, 합의금 300000원 선고.",
        "keywords": [
        "허위 리뷰",
        "가게 비방"
        ]
    },
    {
        "id": 37,
        "category": "온라인 욕설",
        "text": "피고인은 피해자를 특정하며 거짓 소문을 SNS에 퍼뜨렸다.",
        "settlement": 500000,
        "sentence": 10,
        "verdict_summary": "명예훼손 혐의로 징역 10개월, 합의금 500000원 선고.",
        "keywords": [
        "거짓 소문",
        "SNS"
        ]
    },
    {
        "id": 38,
        "category": "온라인 욕설",
        "text": "피고인은 피해자의 외모를 조롱하는 댓글을 여러 차례 작성했다.",
        "settlement": 250000,
        "sentence": 6,
        "verdict_summary": "외모 조롱 혐의로 징역 6개월, 합의금 250000원 선고.",
        "keywords": [
        "외모 조롱",
        "댓글 작성"
        ]
    },
    {
        "id": 39,
        "category": "온라인 욕설",
        "text": "피고인은 피해자의 가족 사진을 공유하며 모욕적인 발언을 추가했다.",
        "settlement": 400000,
        "sentence": 9,
        "verdict_summary": "가족 사진 공유 및 모욕 혐의로 징역 9개월, 합의금 400000원 선고.",
        "keywords": [
        "가족 사진",
        "모욕 발언"
        ]
    },
    {
        "id": 40,
        "category": "온라인 욕설",
        "text": "피고인은 피해자의 직장 동료들에게 허위 소문을 담은 이메일을 보냈다.",
        "settlement": 500000,
        "sentence": 10,
        "verdict_summary": "허위 소문 유포 혐의로 징역 10개월, 합의금 500000원 선고.",
        "keywords": [
        "허위 소문",
        "이메일 유포"
        ]
    },
    {
        "id": 41,
        "category": "온라인 욕설",
        "text": "피고인은 피해자의 학력을 조롱하는 게시글을 지속적으로 작성했다.",
        "settlement": 300000,
        "sentence": 7,
        "verdict_summary": "학력 조롱 혐의로 징역 7개월, 합의금 300000원 선고.",
        "keywords": [
        "학력 조롱",
        "게시글 작성"
        ]
    },
    {
        "id": 42,
        "category": "온라인 욕설",
        "text": "피고인은 피해자가 운영하는 온라인 가게에 허위 리뷰를 작성하고 퍼뜨렸다.",
        "settlement": 350000,
        "sentence": 8,
        "verdict_summary": "허위 리뷰 작성 및 유포 혐의로 징역 8개월, 합의금 350000원 선고.",
        "keywords": [
        "허위 리뷰",
        "온라인 가게"
        ]
    },
    {
        "id": 43,
        "category": "온라인 욕설",
        "text": "피고인은 피해자 이름을 도용하여 가짜 SNS 계정을 생성하고 조롱했다.",
        "settlement": 600000,
        "sentence": 12,
        "verdict_summary": "가짜 계정 생성 및 조롱 혐의로 징역 12개월, 합의금 600000원 선고.",
        "keywords": [
        "가짜 계정",
        "이름 도용"
        ]
    },
    {
        "id": 44,
        "category": "온라인 욕설",
        "text": "피고인은 피해자의 휴대전화 번호를 공개하며 장난 전화를 유도했다.",
        "settlement": 450000,
        "sentence": 10,
        "verdict_summary": "개인정보 공개 및 장난 전화 유도 혐의로 징역 10개월, 합의금 450000원 선고.",
        "keywords": [
        "개인정보 공개",
        "장난 전화"
        ]
    },
    {
        "id": 45,
        "category": "온라인 욕설",
        "text": "피고인은 피해자를 비하하는 동영상을 제작해 온라인에 업로드했다.",
        "settlement": 700000,
        "sentence": 14,
        "verdict_summary": "비하 영상 제작 및 유포 혐의로 징역 14개월, 합의금 700000원 선고.",
        "keywords": [
        "비하 영상",
        "동영상 업로드"
        ]
    },
    {
        "id": 46,
        "category": "온라인 욕설",
        "text": "피고인은 피해자의 이름을 언급하며 욕설이 포함된 음성 메시지를 반복적으로 전송했다.",
        "settlement": 550000,
        "sentence": 11,
        "verdict_summary": "욕설 음성 메시지 전송 혐의로 징역 11개월, 합의금 550000원 선고.",
        "keywords": [
        "욕설 메시지",
        "음성 전송"
        ]
    },
    {
        "id": 47,
        "category": "온라인 욕설",
        "text": "피고인은 피해자의 신상을 폭로하는 게시물을 온라인 커뮤니티에 작성했다.",
        "settlement": 650000,
        "sentence": 13,
        "verdict_summary": "신상 폭로 혐의로 징역 13개월, 합의금 650000원 선고.",
        "keywords": [
        "신상 폭로",
        "게시물 작성"
        ]
    },
    {
        "id": 48,
        "category": "온라인 욕설",
        "text": "피고인은 피해자의 학창시절 사진을 편집하여 부정적인 이미지를 만든 후 유포했다.",
        "settlement": 500000,
        "sentence": 10,
        "verdict_summary": "사진 편집 및 유포 혐의로 징역 10개월, 합의금 500000원 선고.",
        "keywords": [
        "사진 편집",
        "이미지 유포"
        ]
    },
    {
        "id": 49,
        "category": "온라인 욕설",
        "text": "피고인은 피해자에게 지속적으로 모욕적인 메시지를 보내며 괴롭혔다.",
        "settlement": 300000,
        "sentence": 8,
        "verdict_summary": "모욕 메시지 전송 혐의로 징역 8개월, 합의금 300000원 선고.",
        "keywords": [
        "모욕 메시지",
        "괴롭힘"
        ]
    },
    {
        "id": 50,
        "category": "온라인 욕설",
        "text": "피고인은 피해자의 사업체를 비난하는 동영상을 제작하고 이를 SNS에 업로드했다.",
        "settlement": 750000,
        "sentence": 12,
        "verdict_summary": "비난 동영상 제작 및 유포 혐의로 징역 12개월, 합의금 750000원 선고.",
        "keywords": [
        "비난 동영상",
        "SNS 업로드"
        ]
    },
    {
        "id": 51,
        "category": "온라인 욕설",
        "text": "피고인은 피해자의 별명을 왜곡하여 조롱하는 댓글을 작성했다.",
        "settlement": 200000,
        "sentence": 6,
        "verdict_summary": "조롱 댓글 작성 혐의로 징역 6개월, 합의금 200000원 선고.",
        "keywords": [
        "조롱 댓글",
        "별명 왜곡"
        ]
    },
    {
        "id": 52,
        "category": "온라인 욕설",
        "text": "피고인은 피해자가 속한 온라인 그룹에서 허위 소문을 퍼뜨렸다.",
        "settlement": 400000,
        "sentence": 9,
        "verdict_summary": "온라인 그룹 내 허위 소문 유포 혐의로 징역 9개월, 합의금 400000원 선고.",
        "keywords": [
        "허위 소문",
        "온라인 그룹"
        ]
    },
    {
        "id": 53,
        "category": "온라인 욕설",
        "text": "피고인은 피해자의 게시글에 욕설이 포함된 답글을 반복적으로 남겼다.",
        "settlement": 250000,
        "sentence": 7,
        "verdict_summary": "욕설 답글 작성 혐의로 징역 7개월, 합의금 250000원 선고.",
        "keywords": [
        "욕설 답글",
        "반복 작성"
        ]
    },
    {
        "id": 54,
        "category": "온라인 욕설",
        "text": "피고인은 피해자의 동의 없이 통화 내용을 녹음해 인터넷에 공개했다.",
        "settlement": 600000,
        "sentence": 13,
        "verdict_summary": "통화 내용 공개 혐의로 징역 13개월, 합의금 600000원 선고.",
        "keywords": [
        "통화 녹음",
        "내용 공개"
        ]
    },
    {
        "id": 55,
        "category": "온라인 욕설",
        "text": "피고인은 피해자의 블로그를 해킹하여 게시물을 삭제하고 욕설을 남겼다.",
        "settlement": 800000,
        "sentence": 14,
        "verdict_summary": "블로그 해킹 및 욕설 작성 혐의로 징역 14개월, 합의금 800000원 선고.",
        "keywords": [
        "블로그 해킹",
        "욕설 작성"
        ]
    },
    {
        "id": 56,
        "category": "온라인 욕설",
        "text": "피고인은 피해자의 이름을 이용해 허위 신고를 접수했다.",
        "settlement": 450000,
        "sentence": 11,
        "verdict_summary": "허위 신고 접수 혐의로 징역 11개월, 합의금 450000원 선고.",
        "keywords": [
        "허위 신고",
        "이름 도용"
        ]
    },
    {
        "id": 57,
        "category": "온라인 욕설",
        "text": "피고인은 피해자가 올린 사진에 비하하는 댓글을 반복적으로 남겼다.",
        "settlement": 300000,
        "sentence": 7,
        "verdict_summary": "사진 댓글 비하 혐의로 징역 7개월, 합의금 300000원 선고.",
        "keywords": [
        "비하 댓글",
        "사진 게시물"
        ]
    },
    {
        "id": 58,
        "category": "온라인 욕설",
        "text": "피고인은 피해자의 개인 이메일 주소를 공개하며 부정적인 평가를 작성하도록 유도했다.",
        "settlement": 500000,
        "sentence": 10,
        "verdict_summary": "개인정보 공개 및 명예 훼손 혐의로 징역 10개월, 합의금 500000원 선고.",
        "keywords": [
          "이메일 주소 공개",
          "명예 훼손"
        ]
      },
      {
        "id": 59,
        "category": "온라인 욕설",
        "text": "피고인은 피해자의 SNS 계정에 악성코드를 삽입해 정상적인 사용을 방해했다.",
        "settlement": 700000,
        "sentence": 12,
        "verdict_summary": "악성코드 삽입 및 사용 방해 혐의로 징역 12개월, 합의금 700000원 선고.",
        "keywords": [
          "악성코드 삽입",
          "SNS 계정 방해"
        ]
      },
      {
        "id": 60,
        "category": "온라인 욕설",
        "text": "피고인은 피해자가 사용하는 닉네임을 도용해 부정적인 게시글을 작성했다.",
        "settlement": 400000,
        "sentence": 8,
        "verdict_summary": "닉네임 도용 및 게시글 작성 혐의로 징역 8개월, 합의금 400000원 선고.",
        "keywords": [
          "닉네임 도용",
          "부정적 게시글"
        ]
      },
      {
        "id": 61,
        "category": "온라인 욕설",
        "text": "피고인은 피해자의 얼굴을 합성한 이미지를 제작해 온라인에 유포했다.",
        "settlement": 800000,
        "sentence": 15,
        "verdict_summary": "합성 이미지 제작 및 유포 혐의로 징역 15개월, 합의금 800000원 선고.",
        "keywords": [
          "이미지 합성",
          "온라인 유포"
        ]
      },
      {
        "id": 62,
        "category": "온라인 욕설",
        "text": "피고인은 피해자의 직장 상사를 대상으로 허위 사실을 전달해 신뢰를 떨어뜨렸다.",
        "settlement": 600000,
        "sentence": 11,
        "verdict_summary": "허위 사실 전달 혐의로 징역 11개월, 합의금 600000원 선고.",
        "keywords": [
          "허위 사실",
          "직장 상사"
        ]
      },
      {
        "id": 63,
        "category": "온라인 욕설",
        "text": "피고인은 피해자의 온라인 쇼핑몰 제품에 악의적인 리뷰를 다수 작성했다.",
        "settlement": 350000,
        "sentence": 7,
        "verdict_summary": "악의적 리뷰 작성 혐의로 징역 7개월, 합의금 350000원 선고.",
        "keywords": [
          "악의적 리뷰",
          "쇼핑몰 제품"
        ]
      },
      {
        "id": 64,
        "category": "온라인 욕설",
        "text": "피고인은 피해자의 동영상을 무단으로 다운로드해 불법적인 사이트에 업로드했다.",
        "settlement": 900000,
        "sentence": 16,
        "verdict_summary": "동영상 무단 배포 혐의로 징역 16개월, 합의금 900000원 선고.",
        "keywords": [
          "동영상 무단 배포",
          "불법 사이트"
        ]
      },
      {
        "id": 65,
        "category": "온라인 욕설",
        "text": "피고인은 피해자의 블로그에 허위 사실이 담긴 익명 댓글을 남겼다.",
        "settlement": 250000,
        "sentence": 6,
        "verdict_summary": "허위 댓글 작성 혐의로 징역 6개월, 합의금 250000원 선고.",
        "keywords": [
          "허위 댓글",
          "익명 작성"
        ]
      },
      {
        "id": 66,
        "category": "온라인 욕설",
        "text": "피고인은 피해자의 사진을 사용해 가짜 프로필을 만들어 SNS에서 활동했다.",
        "settlement": 550000,
        "sentence": 12,
        "verdict_summary": "가짜 프로필 생성 혐의로 징역 12개월, 합의금 550000원 선고.",
        "keywords": [
          "가짜 프로필",
          "사진 도용"
        ]
      },
      {
        "id": 67,
        "category": "온라인 욕설",
        "text": "피고인은 피해자의 연락처를 공개하며 다수의 스팸 메시지를 유도했다.",
        "settlement": 650000,
        "sentence": 14,
        "verdict_summary": "연락처 공개 및 스팸 유도 혐의로 징역 14개월, 합의금 650000원 선고.",
        "keywords": [
          "연락처 공개",
          "스팸 유도"
        ]
      },   
      {
        "id": 58,
        "category": "온라인 욕설",
        "text": "피고인은 피해자의 개인 이메일 주소를 공개하며 부정적인 평가를 작성하도록 유도했다.",
        "settlement": 500000,
        "sentence": 10,
        "verdict_summary": "개인정보 공개 및 명예 훼손 혐의로 징역 10개월, 합의금 500000원 선고.",
        "keywords": [
          "이메일 주소 공개",
          "명예 훼손"
        ]
      },
      {
        "id": 59,
        "category": "온라인 욕설",
        "text": "피고인은 피해자의 SNS 계정에 악성코드를 삽입해 정상적인 사용을 방해했다.",
        "settlement": 700000,
        "sentence": 12,
        "verdict_summary": "악성코드 삽입 및 사용 방해 혐의로 징역 12개월, 합의금 700000원 선고.",
        "keywords": [
          "악성코드 삽입",
          "SNS 계정 방해"
        ]
      },
      {
        "id": 60,
        "category": "온라인 욕설",
        "text": "피고인은 피해자가 사용하는 닉네임을 도용해 부정적인 게시글을 작성했다.",
        "settlement": 400000,
        "sentence": 8,
        "verdict_summary": "닉네임 도용 및 게시글 작성 혐의로 징역 8개월, 합의금 400000원 선고.",
        "keywords": [
          "닉네임 도용",
          "부정적 게시글"
        ]
      },
      {
        "id": 61,
        "category": "온라인 욕설",
        "text": "피고인은 피해자의 얼굴을 합성한 이미지를 제작해 온라인에 유포했다.",
        "settlement": 800000,
        "sentence": 15,
        "verdict_summary": "합성 이미지 제작 및 유포 혐의로 징역 15개월, 합의금 800000원 선고.",
        "keywords": [
          "이미지 합성",
          "온라인 유포"
        ]
      },
      {
        "id": 62,
        "category": "온라인 욕설",
        "text": "피고인은 피해자의 직장 상사를 대상으로 허위 사실을 전달해 신뢰를 떨어뜨렸다.",
        "settlement": 600000,
        "sentence": 11,
        "verdict_summary": "허위 사실 전달 혐의로 징역 11개월, 합의금 600000원 선고.",
        "keywords": [
          "허위 사실",
          "직장 상사"
        ]
      },
      {
        "id": 63,
        "category": "온라인 욕설",
        "text": "피고인은 피해자의 온라인 쇼핑몰 제품에 악의적인 리뷰를 다수 작성했다.",
        "settlement": 350000,
        "sentence": 7,
        "verdict_summary": "악의적 리뷰 작성 혐의로 징역 7개월, 합의금 350000원 선고.",
        "keywords": [
          "악의적 리뷰",
          "쇼핑몰 제품"
        ]
      },
      {
        "id": 64,
        "category": "온라인 욕설",
        "text": "피고인은 피해자의 동영상을 무단으로 다운로드해 불법적인 사이트에 업로드했다.",
        "settlement": 900000,
        "sentence": 16,
        "verdict_summary": "동영상 무단 배포 혐의로 징역 16개월, 합의금 900000원 선고.",
        "keywords": [
          "동영상 무단 배포",
          "불법 사이트"
        ]
      },
      {
        "id": 65,
        "category": "온라인 욕설",
        "text": "피고인은 피해자의 블로그에 허위 사실이 담긴 익명 댓글을 남겼다.",
        "settlement": 250000,
        "sentence": 6,
        "verdict_summary": "허위 댓글 작성 혐의로 징역 6개월, 합의금 250000원 선고.",
        "keywords": [
          "허위 댓글",
          "익명 작성"
        ]
      },
      {
        "id": 66,
        "category": "온라인 욕설",
        "text": "피고인은 피해자의 사진을 사용해 가짜 프로필을 만들어 SNS에서 활동했다.",
        "settlement": 550000,
        "sentence": 12,
        "verdict_summary": "가짜 프로필 생성 혐의로 징역 12개월, 합의금 550000원 선고.",
        "keywords": [
          "가짜 프로필",
          "사진 도용"
        ]
      },
      {
        "id": 67,
        "category": "온라인 욕설",
        "text": "피고인은 피해자의 연락처를 공개하며 다수의 스팸 메시지를 유도했다.",
        "settlement": 650000,
        "sentence": 14,
        "verdict_summary": "연락처 공개 및 스팸 유도 혐의로 징역 14개월, 합의금 650000원 선고.",
        "keywords": [
          "연락처 공개",
          "스팸 유도"
        ]
      },
      {
        "id": 68,
        "category": "온라인 욕설",
        "text": "피고인은 피해자의 가족에 대한 악성 댓글을 작성해 온라인 커뮤니티에서 확산시켰다.",
        "settlement": 700000,
        "sentence": 13,
        "verdict_summary": "가족 비방 댓글 작성 및 확산 혐의로 징역 13개월, 합의금 700000원 선고.",
        "keywords": [
          "가족 비방",
          "온라인 커뮤니티"
        ]
      },
      {
        "id": 69,
        "category": "온라인 욕설",
        "text": "피고인은 피해자의 과거 실수를 조롱하는 이미지를 만들어 인터넷에 퍼뜨렸다.",
        "settlement": 550000,
        "sentence": 12,
        "verdict_summary": "과거 실수 조롱 이미지 유포 혐의로 징역 12개월, 합의금 550000원 선고.",
        "keywords": [
          "과거 실수",
          "이미지 유포"
        ]
      },
      {
        "id": 70,
        "category": "온라인 욕설",
        "text": "피고인은 피해자의 소셜 미디어 계정에 불법적인 해킹을 시도하고, 악성 프로그램을 설치했다.",
        "settlement": 900000,
        "sentence": 15,
        "verdict_summary": "해킹 및 악성 프로그램 설치 혐의로 징역 15개월, 합의금 900000원 선고.",
        "keywords": [
          "해킹 시도",
          "악성 프로그램"
        ]
      },
      {
        "id": 71,
        "category": "온라인 욕설",
        "text": "피고인은 피해자의 직장 내 성적 지향에 대해 모욕적인 발언을 게시물로 남겼다.",
        "settlement": 400000,
        "sentence": 8,
        "verdict_summary": "성적 지향 모욕 혐의로 징역 8개월, 합의금 400000원 선고.",
        "keywords": [
          "성적 지향",
          "모욕 발언"
        ]
      },
      {
        "id": 72,
        "category": "온라인 욕설",
        "text": "피고인은 피해자의 블로그에 반복적으로 비하하는 댓글을 남겼으며, 이를 통해 피해자를 괴롭혔다.",
        "settlement": 300000,
        "sentence": 7,
        "verdict_summary": "비하 댓글 작성 및 괴롭힘 혐의로 징역 7개월, 합의금 300000원 선고.",
        "keywords": [
          "비하 댓글",
          "괴롭힘"
        ]
      },
      {
        "id": 73,
        "category": "온라인 욕설",
        "text": "피고인은 피해자의 사회적 평판을 떨어뜨리기 위해 허위 정보를 SNS에 퍼뜨렸다.",
        "settlement": 800000,
        "sentence": 14,
        "verdict_summary": "허위 정보 유포 혐의로 징역 14개월, 합의금 800000원 선고.",
        "keywords": [
          "허위 정보",
          "SNS 유포"
        ]
      },
      {
        "id": 74,
        "category": "온라인 욕설",
        "text": "피고인은 피해자의 외모를 비하하는 댓글을 반복적으로 남겼고, 이를 통해 피해자가 심리적으로 고통을 겪었다.",
        "settlement": 500000,
        "sentence": 10,
        "verdict_summary": "외모 비하 댓글 작성 혐의로 징역 10개월, 합의금 500000원 선고.",
        "keywords": [
          "외모 비하",
          "반복 댓글"
        ]
      },
      {
        "id": 75,
        "category": "온라인 욕설",
        "text": "피고인은 피해자가 참여한 행사에 대한 부정적인 평을 작성해 다른 사람들이 참여하지 않도록 유도했다.",
        "settlement": 450000,
        "sentence": 9,
        "verdict_summary": "행사 부정 평 작성 혐의로 징역 9개월, 합의금 450000원 선고.",
        "keywords": [
          "부정적 평",
          "행사 참여"
        ]
      },
      {
        "id": 76,
        "category": "온라인 욕설",
        "text": "피고인은 피해자의 사업 아이디어를 도용하여 무단으로 공개했다.",
        "settlement": 600000,
        "sentence": 11,
        "verdict_summary": "사업 아이디어 도용 및 공개 혐의로 징역 11개월, 합의금 600000원 선고.",
        "keywords": [
          "사업 아이디어 도용",
          "무단 공개"
        ]
      },
      {
        "id": 77,
        "category": "온라인 욕설",
        "text": "피고인은 피해자의 연애 관계를 공개하며 상처를 주는 발언을 SNS에 남겼다.",
        "settlement": 350000,
        "sentence": 6,
        "verdict_summary": "연애 관계 공개 및 발언 혐의로 징역 6개월, 합의금 350000원 선고.",
        "keywords": [
          "연애 관계 공개",
          "상처 발언"
        ]
      },
      {
        "id": 78,
        "category": "온라인 욕설",
        "text": "피고인은 피해자의 비즈니스 관련 기밀 정보를 온라인 포럼에 유출했다.",
        "settlement": 750000,
        "sentence": 14,
        "verdict_summary": "기밀 정보 유출 혐의로 징역 14개월, 합의금 750000원 선고.",
        "keywords": [
          "기밀 정보",
          "정보 유출"
        ]
      },
      {
        "id": 79,
        "category": "온라인 욕설",
        "text": "피고인은 피해자의 가족을 대상으로 명예를 훼손하는 글을 블로그에 작성했다.",
        "settlement": 650000,
        "sentence": 12,
        "verdict_summary": "가족 명예 훼손 혐의로 징역 12개월, 합의금 650000원 선고.",
        "keywords": [
          "가족 명예 훼손",
          "블로그 작성"
        ]
      },
      {
        "id": 80,
        "category": "온라인 욕설",
        "text": "피고인은 피해자의 인스타그램 계정을 해킹해 비속어와 욕설을 포함한 글을 게시했다.",
        "settlement": 850000,
        "sentence": 16,
        "verdict_summary": "계정 해킹 및 욕설 게시 혐의로 징역 16개월, 합의금 850000원 선고.",
        "keywords": [
          "계정 해킹",
          "욕설 게시"
        ]
      },
      {
        "id": 81,
        "category": "온라인 욕설",
        "text": "피고인은 피해자의 개인적인 사생활을 공개하며 그를 비하하는 동영상을 유포했다.",
        "settlement": 600000,
        "sentence": 13,
        "verdict_summary": "사생활 공개 및 비하 동영상 유포 혐의로 징역 13개월, 합의금 600000원 선고.",
        "keywords": [
          "사생활 공개",
          "비하 동영상"
        ]
      },
      {
        "id": 82,
        "category": "온라인 욕설",
        "text": "피고인은 피해자의 회사에 대해 부정적인 가짜 리뷰를 작성하여 회사의 평판을 떨어뜨렸다.",
        "settlement": 550000,
        "sentence": 10,
        "verdict_summary": "가짜 리뷰 작성 및 평판 훼손 혐의로 징역 10개월, 합의금 550000원 선고.",
        "keywords": [
          "가짜 리뷰",
          "회사 평판"
        ]
      },
      {
        "id": 83,
        "category": "온라인 욕설",
        "text": "피고인은 피해자의 온라인 쇼핑몰을 비방하는 게시글을 작성하고, 해당 게시글을 여러 사람에게 확산시켰다.",
        "settlement": 700000,
        "sentence": 15,
        "verdict_summary": "온라인 비방 및 게시글 확산 혐의로 징역 15개월, 합의금 700000원 선고.",
        "keywords": [
          "온라인 비방",
          "게시글 확산"
        ]
      },
      {
        "id": 84,
        "category": "온라인 욕설",
        "text": "피고인은 피해자가 운영하는 유튜브 채널에 허위 사실을 담은 악성 댓글을 반복적으로 남겼다.",
        "settlement": 400000,
        "sentence": 9,
        "verdict_summary": "허위 댓글 작성 및 반복 혐의로 징역 9개월, 합의금 400000원 선고.",
        "keywords": [
          "허위 댓글",
          "유튜브 채널"
        ]
      },
      {
        "id": 85,
        "category": "온라인 욕설",
        "text": "피고인은 피해자의 부모에 대해 모욕적인 글을 소셜 미디어에 게시했다.",
        "settlement": 500000,
        "sentence": 11,
        "verdict_summary": "부모 모욕 글 게시 혐의로 징역 11개월, 합의금 500000원 선고.",
        "keywords": [
          "부모 모욕",
          "소셜 미디어"
        ]
      },
      {
        "id": 86,
        "category": "온라인 욕설",
        "text": "피고인은 피해자의 과거 동영상에서 문제 삼을 만한 장면을 편집해 조롱하는 영상으로 유튜브에 업로드했다.",
        "settlement": 600000,
        "sentence": 12,
        "verdict_summary": "과거 동영상 조롱 편집 및 유튜브 업로드 혐의로 징역 12개월, 합의금 600000원 선고.",
        "keywords": [
          "과거 동영상",
          "조롱 편집"
        ]
      },
      {
        "id": 87,
        "category": "온라인 욕설",
        "text": "피고인은 피해자의 학벌을 조롱하며 악성 댓글을 여러 차례 남겼다.",
        "settlement": 350000,
        "sentence": 7,
        "verdict_summary": "학벌 조롱 및 악성 댓글 작성 혐의로 징역 7개월, 합의금 350000원 선고.",
        "keywords": [
          "학벌 조롱",
          "악성 댓글"
        ]
      },
      {
        "id": 78,
        "category": "온라인 욕설",
        "text": "피고인은 피해자의 비즈니스 관련 기밀 정보를 온라인 포럼에 유출했다.",
        "settlement": 750000,
        "sentence": 14,
        "verdict_summary": "기밀 정보 유출 혐의로 징역 14개월, 합의금 750000원 선고.",
        "keywords": [
          "기밀 정보",
          "정보 유출"
        ]
      },
      {
        "id": 79,
        "category": "온라인 욕설",
        "text": "피고인은 피해자의 가족을 대상으로 명예를 훼손하는 글을 블로그에 작성했다.",
        "settlement": 650000,
        "sentence": 12,
        "verdict_summary": "가족 명예 훼손 혐의로 징역 12개월, 합의금 650000원 선고.",
        "keywords": [
          "가족 명예 훼손",
          "블로그 작성"
        ]
      },
      {
        "id": 80,
        "category": "온라인 욕설",
        "text": "피고인은 피해자의 인스타그램 계정을 해킹해 비속어와 욕설을 포함한 글을 게시했다.",
        "settlement": 850000,
        "sentence": 16,
        "verdict_summary": "계정 해킹 및 욕설 게시 혐의로 징역 16개월, 합의금 850000원 선고.",
        "keywords": [
          "계정 해킹",
          "욕설 게시"
        ]
      },
      {
        "id": 81,
        "category": "온라인 욕설",
        "text": "피고인은 피해자의 개인적인 사생활을 공개하며 그를 비하하는 동영상을 유포했다.",
        "settlement": 600000,
        "sentence": 13,
        "verdict_summary": "사생활 공개 및 비하 동영상 유포 혐의로 징역 13개월, 합의금 600000원 선고.",
        "keywords": [
          "사생활 공개",
          "비하 동영상"
        ]
      },
      {
        "id": 82,
        "category": "온라인 욕설",
        "text": "피고인은 피해자의 회사에 대해 부정적인 가짜 리뷰를 작성하여 회사의 평판을 떨어뜨렸다.",
        "settlement": 550000,
        "sentence": 10,
        "verdict_summary": "가짜 리뷰 작성 및 평판 훼손 혐의로 징역 10개월, 합의금 550000원 선고.",
        "keywords": [
          "가짜 리뷰",
          "회사 평판"
        ]
      },
      {
        "id": 83,
        "category": "온라인 욕설",
        "text": "피고인은 피해자의 온라인 쇼핑몰을 비방하는 게시글을 작성하고, 해당 게시글을 여러 사람에게 확산시켰다.",
        "settlement": 700000,
        "sentence": 15,
        "verdict_summary": "온라인 비방 및 게시글 확산 혐의로 징역 15개월, 합의금 700000원 선고.",
        "keywords": [
          "온라인 비방",
          "게시글 확산"
        ]
      },
      {
        "id": 84,
        "category": "온라인 욕설",
        "text": "피고인은 피해자가 운영하는 유튜브 채널에 허위 사실을 담은 악성 댓글을 반복적으로 남겼다.",
        "settlement": 400000,
        "sentence": 9,
        "verdict_summary": "허위 댓글 작성 및 반복 혐의로 징역 9개월, 합의금 400000원 선고.",
        "keywords": [
          "허위 댓글",
          "유튜브 채널"
        ]
      },
      {
        "id": 85,
        "category": "온라인 욕설",
        "text": "피고인은 피해자의 부모에 대해 모욕적인 글을 소셜 미디어에 게시했다.",
        "settlement": 500000,
        "sentence": 11,
        "verdict_summary": "부모 모욕 글 게시 혐의로 징역 11개월, 합의금 500000원 선고.",
        "keywords": [
          "부모 모욕",
          "소셜 미디어"
        ]
      },
      {
        "id": 86,
        "category": "온라인 욕설",
        "text": "피고인은 피해자의 과거 동영상에서 문제 삼을 만한 장면을 편집해 조롱하는 영상으로 유튜브에 업로드했다.",
        "settlement": 600000,
        "sentence": 12,
        "verdict_summary": "과거 동영상 조롱 편집 및 유튜브 업로드 혐의로 징역 12개월, 합의금 600000원 선고.",
        "keywords": [
          "과거 동영상",
          "조롱 편집"
        ]
      },
      {
        "id": 87,
        "category": "온라인 욕설",
        "text": "피고인은 피해자의 학벌을 조롱하며 악성 댓글을 여러 차례 남겼다.",
        "settlement": 350000,
        "sentence": 7,
        "verdict_summary": "학벌 조롱 및 악성 댓글 작성 혐의로 징역 7개월, 합의금 350000원 선고.",
        "keywords": [
          "학벌 조롱",
          "악성 댓글"
        ]
      },
      {
        "id": 88,
        "category": "온라인 욕설",
        "text": "피고인은 피해자의 업무 성과를 비하하며 악성 댓글을 회사 내부 포럼에 작성했다.",
        "settlement": 400000,
        "sentence": 8,
        "verdict_summary": "업무 성과 비하 댓글 작성 혐의로 징역 8개월, 합의금 400000원 선고.",
        "keywords": [
          "업무 성과 비하",
          "내부 포럼"
        ]
      },
      {
        "id": 89,
        "category": "온라인 욕설",
        "text": "피고인은 피해자가 작성한 블로그 글에 허위 사실을 담은 악성 댓글을 반복적으로 달았다.",
        "settlement": 450000,
        "sentence": 9,
        "verdict_summary": "허위 사실 댓글 작성 혐의로 징역 9개월, 합의금 450000원 선고.",
        "keywords": [
          "허위 사실",
          "블로그 댓글"
        ]
      },
      {
        "id": 90,
        "category": "온라인 욕설",
        "text": "피고인은 피해자의 건강 문제를 조롱하는 이미지를 소셜 미디어에 유포했다.",
        "settlement": 550000,
        "sentence": 10,
        "verdict_summary": "건강 문제 조롱 이미지 유포 혐의로 징역 10개월, 합의금 550000원 선고.",
        "keywords": [
          "건강 문제",
          "이미지 유포"
        ]
      },
      {
        "id": 91,
        "category": "온라인 욕설",
        "text": "피고인은 피해자의 정치적 의견을 조롱하는 비난을 인터넷 뉴스 댓글에 남겼다.",
        "settlement": 500000,
        "sentence": 11,
        "verdict_summary": "정치적 의견 조롱 혐의로 징역 11개월, 합의금 500000원 선고.",
        "keywords": [
          "정치적 의견",
          "인터넷 댓글"
        ]
      },
      {
        "id": 92,
        "category": "온라인 욕설",
        "text": "피고인은 피해자의 종교를 비하하는 내용을 작성해 이를 공유했다.",
        "settlement": 600000,
        "sentence": 13,
        "verdict_summary": "종교 비하 혐의로 징역 13개월, 합의금 600000원 선고.",
        "keywords": [
          "종교 비하",
          "내용 작성"
        ]
      },
      {
        "id": 93,
        "category": "온라인 욕설",
        "text": "피고인은 피해자의 직장 내 행동을 비난하는 글을 인터넷 포럼에 게시했다.",
        "settlement": 350000,
        "sentence": 7,
        "verdict_summary": "직장 내 행동 비난 글 게시 혐의로 징역 7개월, 합의금 350000원 선고.",
        "keywords": [
          "직장 내 행동",
          "비난 글"
        ]
      },
      {
        "id": 94,
        "category": "온라인 욕설",
        "text": "피고인은 피해자의 외모에 대해 조롱하는 사진을 SNS에 올리고 이를 다른 사용자들에게 전파했다.",
        "settlement": 650000,
        "sentence": 14,
        "verdict_summary": "외모 조롱 사진 유포 혐의로 징역 14개월, 합의금 650000원 선고.",
        "keywords": [
          "외모 조롱",
          "SNS 유포"
        ]
      },
      {
        "id": 95,
        "category": "온라인 욕설",
        "text": "피고인은 피해자의 가족에 대한 모욕적인 발언을 트위터에 작성했다.",
        "settlement": 400000,
        "sentence": 8,
        "verdict_summary": "가족 모욕 발언 혐의로 징역 8개월, 합의금 400000원 선고.",
        "keywords": [
          "가족 모욕",
          "트위터 발언"
        ]
      },
      {
        "id": 96,
        "category": "온라인 욕설",
        "text": "피고인은 피해자의 취업을 방해하는 허위 정보를 인터넷에 퍼뜨렸다.",
        "settlement": 700000,
        "sentence": 16,
        "verdict_summary": "취업 방해 허위 정보 유포 혐의로 징역 16개월, 합의금 700000원 선고.",
        "keywords": [
          "취업 방해",
          "허위 정보"
        ]
      },
      {
        "id": 97,
        "category": "온라인 욕설",
        "text": "피고인은 피해자의 애완동물을 조롱하는 사진과 댓글을 소셜 미디어에 게시했다.",
        "settlement": 300000,
        "sentence": 6,
        "verdict_summary": "애완동물 조롱 사진 및 댓글 게시 혐의로 징역 6개월, 합의금 300000원 선고.",
        "keywords": [
          "애완동물 조롱",
          "소셜 미디어"
        ]
      },
      {
        "id": 98,
        "category": "온라인 욕설",
        "text": "피고인은 피해자의 친구를 비방하는 글을 페이스북에 올렸다.",
        "settlement": 500000,
        "sentence": 11,
        "verdict_summary": "친구 비방 글 게시 혐의로 징역 11개월, 합의금 500000원 선고.",
        "keywords": [
          "친구 비방",
          "페이스북 게시"
        ]
      },
      {
        "id": 99,
        "category": "온라인 욕설",
        "text": "피고인은 피해자가 참여한 온라인 이벤트에 대한 비난 댓글을 남겨 다른 참가자들이 참여하지 않도록 유도했다.",
        "settlement": 450000,
        "sentence": 9,
        "verdict_summary": "온라인 이벤트 비난 댓글 작성 혐의로 징역 9개월, 합의금 450000원 선고.",
        "keywords": [
          "온라인 이벤트",
          "비난 댓글"
        ]
      },
      {
        "id": 100,
        "category": "온라인 욕설",
        "text": "피고인은 피해자의 학력에 대해 악성 댓글을 작성하여 해당 피해자의 인스타그램 계정을 차단하게 했다.",
        "settlement": 600000,
        "sentence": 12,
        "verdict_summary": "학력 악성 댓글 작성 및 차단 유도 혐의로 징역 12개월, 합의금 600000원 선고.",
        "keywords": [
          "학력 악성 댓글",
          "인스타그램 차단"
        ]
      }
]

      
