[
  {
    "id": 1,
    "category": "중고거래 사기",
    "text": "피고인은 고급 레시피 책을(를) 거래 후기 사이트를 조작해 피해자를 유인하며 피해자로부터 389000원을 송금받고, 이후 잠적했다.",
    "settlement": 583039,
    "sentence": 8,
    "verdict_summary": "고급 레시피 책 판매 사기 혐의로 징역 8개월, 합의금 583039원 선고.",
    "keywords": [
      "고급 레시피 책",
      "중고거래",
      "사기"
    ]
  },
  {
    "id": 2,
    "category": "중고거래 사기",
    "text": "피고인은 플래시 피규어을(를) 거래 후기 사이트를 조작해 피해자를 유인하며 피해자로부터 372000원을 송금받고, 이후 잠적했다.",
    "settlement": 571959,
    "sentence": 7,
    "verdict_summary": "플래시 피규어 판매 사기 혐의로 징역 7개월, 합의금 571959원 선고.",
    "keywords": [
      "플래시 피규어",
      "중고거래",
      "사기"
    ]
  },
  {
    "id": 3,
    "category": "중고거래 사기",
    "text": "피고인은 주방 칼 세트을(를) 상품이 곧 매진될 것이라며 긴박감을 조성하고 피해자로부터 179000원을 송금받고, 이후 잠적했다.",
    "settlement": 271064,
    "sentence": 4,
    "verdict_summary": "주방 칼 세트 판매 사기 혐의로 징역 4개월, 합의금 271064원 선고.",
    "keywords": [
      "주방 칼 세트",
      "중고거래",
      "사기"
    ]
  },
  {
    "id": 4,
    "category": "중고거래 사기",
    "text": "피고인은 전문가용 드론을(를) 피해자의 취미에 맞춘 희귀 상품을 제안하여 피해자로부터 349000원을 송금받고, 이후 잠적했다.",
    "settlement": 480471,
    "sentence": 5,
    "verdict_summary": "전문가용 드론 판매 사기 혐의로 징역 5개월, 합의금 480471원 선고.",
    "keywords": [
      "전문가용 드론",
      "중고거래",
      "사기"
    ]
  },
  {
    "id": 5,
    "category": "중고거래 사기",
    "text": "피고인은 프리미엄 매트리스을(를) 사용하지 않는 새 제품이라며 피해자로부터 142000원을 송금받고, 이후 잠적했다.",
    "settlement": 221579,
    "sentence": 6,
    "verdict_summary": "프리미엄 매트리스 판매 사기 혐의로 징역 6개월, 합의금 221579원 선고.",
    "keywords": [
      "프리미엄 매트리스",
      "중고거래",
      "사기"
    ]
  },
  {
    "id": 6,
    "category": "중고거래 사기",
    "text": "피고인은 하이엔드 스피커을(를) 상품이 한정판이라고 거짓 주장하며 피해자로부터 284000원을 송금받고, 이후 잠적했다.",
    "settlement": 371940,
    "sentence": 7,
    "verdict_summary": "하이엔드 스피커 판매 사기 혐의로 징역 7개월, 합의금 371940원 선고.",
    "keywords": [
      "하이엔드 스피커",
      "중고거래",
      "사기"
    ]
  },
  {
    "id": 7,
    "category": "중고거래 사기",
    "text": "피고인은 전문가용 메이크업 키트을(를) 상품이 한정판이라고 거짓 주장하며 피해자로부터 307000원을 송금받고, 이후 잠적했다.",
    "settlement": 400798,
    "sentence": 12,
    "verdict_summary": "전문가용 메이크업 키트 판매 사기 혐의로 징역 12개월, 합의금 400798원 선고.",
    "keywords": [
      "전문가용 메이크업 키트",
      "중고거래",
      "사기"
    ]
  },
  {
    "id": 8,
    "category": "중고거래 사기",
    "text": "피고인은 비디오 카메라을(를) 허위 품질 보증서를 첨부해 신뢰를 얻고 피해자로부터 184000원을 송금받고, 이후 잠적했다.",
    "settlement": 277241,
    "sentence": 7,
    "verdict_summary": "비디오 카메라 판매 사기 혐의로 징역 7개월, 합의금 277241원 선고.",
    "keywords": [
      "비디오 카메라",
      "중고거래",
      "사기"
    ]
  },
  {
    "id": 9,
    "category": "중고거래 사기",
    "text": "피고인은 서핑 보드을(를) 본인이 수입한 제품이라고 속이며 피해자로부터 260000원을 송금받고, 이후 잠적했다.",
    "settlement": 369572,
    "sentence": 13,
    "verdict_summary": "서핑 보드 판매 사기 혐의로 징역 13개월, 합의금 369572원 선고.",
    "keywords": [
      "서핑 보드",
      "중고거래",
      "사기"
    ]
  },
  {
    "id": 10,
    "category": "중고거래 사기",
    "text": "피고인은 빈티지 보드게임을(를) 다른 구매자를 속이기 위해 가짜 거래 내역을 보여주며 피해자로부터 289000원을 송금받고, 이후 잠적했다.",
    "settlement": 398074,
    "sentence": 5,
    "verdict_summary": "빈티지 보드게임 판매 사기 혐의로 징역 5개월, 합의금 398074원 선고.",
    "keywords": [
      "빈티지 보드게임",
      "중고거래",
      "사기"
    ]
  },
  {
    "id": 11,
    "category": "중고거래 사기",
    "text": "피고인은 클라이밍 장비을(를) 잦은 연락으로 신뢰를 쌓은 후 피해자로부터 119000원을 송금받고, 이후 잠적했다.",
    "settlement": 183605,
    "sentence": 4,
    "verdict_summary": "클라이밍 장비 판매 사기 혐의로 징역 4개월, 합의금 183605원 선고.",
    "keywords": [
      "클라이밍 장비",
      "중고거래",
      "사기"
    ]
  },
  {
    "id": 12,
    "category": "중고거래 사기",
    "text": "피고인은 휴대용 스피커을(를) 거래 후기 사이트를 조작해 피해자를 유인하며 피해자로부터 245000원을 송금받고, 이후 잠적했다.",
    "settlement": 346755,
    "sentence": 12,
    "verdict_summary": "휴대용 스피커 판매 사기 혐의로 징역 12개월, 합의금 346755원 선고.",
    "keywords": [
      "휴대용 스피커",
      "중고거래",
      "사기"
    ]
  },
  {
    "id": 13,
    "category": "중고거래 사기",
    "text": "피고인은 프로젝터을(를) 정품 인증 사진을 위조하여 판매한다고 주장하고 피해자로부터 71000원을 송금받고, 이후 잠적했다.",
    "settlement": 99953,
    "sentence": 9,
    "verdict_summary": "프로젝터 판매 사기 혐의로 징역 9개월, 합의금 99953원 선고.",
    "keywords": [
      "프로젝터",
      "중고거래",
      "사기"
    ]
  },
  {
    "id": 14,
    "category": "중고거래 사기",
    "text": "피고인은 고급 레시피 책을(를) 가짜 사용자 후기를 보여주며 신뢰를 얻어 피해자로부터 151000원을 송금받고, 이후 잠적했다.",
    "settlement": 200981,
    "sentence": 6,
    "verdict_summary": "고급 레시피 책 판매 사기 혐의로 징역 6개월, 합의금 200981원 선고.",
    "keywords": [
      "고급 레시피 책",
      "중고거래",
      "사기"
    ]
  },
  {
    "id": 15,
    "category": "중고거래 사기",
    "text": "피고인은 전문가용 메이크업 키트을(를) 허위 품질 보증서를 첨부해 신뢰를 얻고 피해자로부터 419000원을 송금받고, 이후 잠적했다.",
    "settlement": 654676,
    "sentence": 5,
    "verdict_summary": "전문가용 메이크업 키트 판매 사기 혐의로 징역 5개월, 합의금 654676원 선고.",
    "keywords": [
      "전문가용 메이크업 키트",
      "중고거래",
      "사기"
    ]
  },
  {
    "id": 16,
    "category": "중고거래 사기",
    "text": "피고인은 고급 화장품 세트을(를) 피해자를 안심시키기 위해 가짜 송장 번호를 보내며 피해자로부터 282000원을 송금받고, 이후 잠적했다.",
    "settlement": 397977,
    "sentence": 9,
    "verdict_summary": "고급 화장품 세트 판매 사기 혐의로 징역 9개월, 합의금 397977원 선고.",
    "keywords": [
      "고급 화장품 세트",
      "중고거래",
      "사기"
    ]
  },
  {
    "id": 17,
    "category": "중고거래 사기",
    "text": "피고인은 고급 필름 카메라을(를) 업무용으로 구매한 제품을 싸게 판다고 속이며 피해자로부터 378000원을 송금받고, 이후 잠적했다.",
    "settlement": 524445,
    "sentence": 8,
    "verdict_summary": "고급 필름 카메라 판매 사기 혐의로 징역 8개월, 합의금 524445원 선고.",
    "keywords": [
      "고급 필름 카메라",
      "중고거래",
      "사기"
    ]
  },
  {
    "id": 18,
    "category": "중고거래 사기",
    "text": "피고인은 고급 레시피 책을(를) 본인이 수입한 제품이라고 속이며 피해자로부터 367000원을 송금받고, 이후 잠적했다.",
    "settlement": 555831,
    "sentence": 13,
    "verdict_summary": "고급 레시피 책 판매 사기 혐의로 징역 13개월, 합의금 555831원 선고.",
    "keywords": [
      "고급 레시피 책",
      "중고거래",
      "사기"
    ]
  },
  {
    "id": 19,
    "category": "중고거래 사기",
    "text": "피고인은 휴대용 프로젝터을(를) 친구의 제품을 대신 판다고 속이며 피해자로부터 161000원을 송금받고, 이후 잠적했다.",
    "settlement": 257302,
    "sentence": 12,
    "verdict_summary": "휴대용 프로젝터 판매 사기 혐의로 징역 12개월, 합의금 257302원 선고.",
    "keywords": [
      "휴대용 프로젝터",
      "중고거래",
      "사기"
    ]
  },
  {
    "id": 20,
    "category": "중고거래 사기",
    "text": "피고인은 고급 화장품 세트을(를) 가짜 사용자 후기를 보여주며 신뢰를 얻어 피해자로부터 420000원을 송금받고, 이후 잠적했다.",
    "settlement": 590442,
    "sentence": 12,
    "verdict_summary": "고급 화장품 세트 판매 사기 혐의로 징역 12개월, 합의금 590442원 선고.",
    "keywords": [
      "고급 화장품 세트",
      "중고거래",
      "사기"
    ]
  },
  {
    "id": 21,
    "category": "중고거래 사기",
    "text": "피고인은 아트북을(를) 무료 배송을 약속하며 피해자로부터 160000원을 송금받고, 이후 잠적했다.",
    "settlement": 222009,
    "sentence": 5,
    "verdict_summary": "아트북 판매 사기 혐의로 징역 5개월, 합의금 222009원 선고.",
    "keywords": [
      "아트북",
      "중고거래",
      "사기"
    ]
  },
  {
    "id": 22,
    "category": "중고거래 사기",
    "text": "피고인은 빈티지 보드게임을(를) 가짜 사용자 후기를 보여주며 신뢰를 얻어 피해자로부터 294000원을 송금받고, 이후 잠적했다.",
    "settlement": 444974,
    "sentence": 10,
    "verdict_summary": "빈티지 보드게임 판매 사기 혐의로 징역 10개월, 합의금 444974원 선고.",
    "keywords": [
      "빈티지 보드게임",
      "중고거래",
      "사기"
    ]
  },
  {
    "id": 23,
    "category": "중고거래 사기",
    "text": "피고인은 음식 저장 용기 세트을(를) 실제 거래 이력이 있다고 거짓말하며 피해자로부터 349000원을 송금받고, 이후 잠적했다.",
    "settlement": 455512,
    "sentence": 12,
    "verdict_summary": "음식 저장 용기 세트 판매 사기 혐의로 징역 12개월, 합의금 455512원 선고.",
    "keywords": [
      "음식 저장 용기 세트",
      "중고거래",
      "사기"
    ]
  },
  {
    "id": 24,
    "category": "중고거래 사기",
    "text": "피고인은 주방 칼 세트을(를) 피해자의 취미에 맞춘 희귀 상품을 제안하여 피해자로부터 131000원을 송금받고, 이후 잠적했다.",
    "settlement": 207107,
    "sentence": 11,
    "verdict_summary": "주방 칼 세트 판매 사기 혐의로 징역 11개월, 합의금 207107원 선고.",
    "keywords": [
      "주방 칼 세트",
      "중고거래",
      "사기"
    ]
  },
  {
    "id": 25,
    "category": "중고거래 사기",
    "text": "피고인은 서핑 보드을(를) 할인을 미끼로 구매를 유도하며 피해자로부터 52000원을 송금받고, 이후 잠적했다.",
    "settlement": 72491,
    "sentence": 7,
    "verdict_summary": "서핑 보드 판매 사기 혐의로 징역 7개월, 합의금 72491원 선고.",
    "keywords": [
      "서핑 보드",
      "중고거래",
      "사기"
    ]
  },
  {
    "id": 26,
    "category": "중고거래 사기",
    "text": "피고인은 스노보드 장비을(를) 피해자의 관심을 끌기 위해 특가를 주장하며 피해자로부터 270000원을 송금받고, 이후 잠적했다.",
    "settlement": 408213,
    "sentence": 7,
    "verdict_summary": "스노보드 장비 판매 사기 혐의로 징역 7개월, 합의금 408213원 선고.",
    "keywords": [
      "스노보드 장비",
      "중고거래",
      "사기"
    ]
  },
  {
    "id": 27,
    "category": "중고거래 사기",
    "text": "피고인은 캠핑 의자을(를) 사용하지 않는 새 제품이라며 피해자로부터 426000원을 송금받고, 이후 잠적했다.",
    "settlement": 572547,
    "sentence": 9,
    "verdict_summary": "캠핑 의자 판매 사기 혐의로 징역 9개월, 합의금 572547원 선고.",
    "keywords": [
      "캠핑 의자",
      "중고거래",
      "사기"
    ]
  },
  {
    "id": 28,
    "category": "중고거래 사기",
    "text": "피고인은 하이엔드 스피커을(를) 실제 거래 이력이 있다고 거짓말하며 피해자로부터 195000원을 송금받고, 이후 잠적했다.",
    "settlement": 286693,
    "sentence": 9,
    "verdict_summary": "하이엔드 스피커 판매 사기 혐의로 징역 9개월, 합의금 286693원 선고.",
    "keywords": [
      "하이엔드 스피커",
      "중고거래",
      "사기"
    ]
  },
  {
    "id": 29,
    "category": "중고거래 사기",
    "text": "피고인은 스노보드 장비을(를) 상품이 곧 매진될 것이라며 긴박감을 조성하고 피해자로부터 135000원을 송금받고, 이후 잠적했다.",
    "settlement": 212352,
    "sentence": 7,
    "verdict_summary": "스노보드 장비 판매 사기 혐의로 징역 7개월, 합의금 212352원 선고.",
    "keywords": [
      "스노보드 장비",
      "중고거래",
      "사기"
    ]
  },
  {
    "id": 30,
    "category": "중고거래 사기",
    "text": "피고인은 프리미엄 키보드을(를) 피해자를 안심시키기 위해 가짜 송장 번호를 보내며 피해자로부터 222000원을 송금받고, 이후 잠적했다.",
    "settlement": 336319,
    "sentence": 11,
    "verdict_summary": "프리미엄 키보드 판매 사기 혐의로 징역 11개월, 합의금 336319원 선고.",
    "keywords": [
      "프리미엄 키보드",
      "중고거래",
      "사기"
    ]
  },
  {
    "id": 31,
    "category": "중고거래 사기",
    "text": "피고인은 소형 냉장고을(를) 실제 거래 이력이 있다고 거짓말하며 피해자로부터 196000원을 송금받고, 이후 잠적했다.",
    "settlement": 309189,
    "sentence": 8,
    "verdict_summary": "소형 냉장고 판매 사기 혐의로 징역 8개월, 합의금 309189원 선고.",
    "keywords": [
      "소형 냉장고",
      "중고거래",
      "사기"
    ]
  },
  {
    "id": 32,
    "category": "중고거래 사기",
    "text": "피고인은 프리미엄 매트리스을(를) 잦은 연락으로 신뢰를 쌓은 후 피해자로부터 171000원을 송금받고, 이후 잠적했다.",
    "settlement": 229473,
    "sentence": 9,
    "verdict_summary": "프리미엄 매트리스 판매 사기 혐의로 징역 9개월, 합의금 229473원 선고.",
    "keywords": [
      "프리미엄 매트리스",
      "중고거래",
      "사기"
    ]
  },
  {
    "id": 33,
    "category": "중고거래 사기",
    "text": "피고인은 3D 프린터을(를) 가짜 사용자 후기를 보여주며 신뢰를 얻어 피해자로부터 456000원을 송금받고, 이후 잠적했다.",
    "settlement": 705299,
    "sentence": 12,
    "verdict_summary": "3D 프린터 판매 사기 혐의로 징역 12개월, 합의금 705299원 선고.",
    "keywords": [
      "3D 프린터",
      "중고거래",
      "사기"
    ]
  },
  {
    "id": 34,
    "category": "중고거래 사기",
    "text": "피고인은 스노보드 장비을(를) 친구의 제품을 대신 판다고 속이며 피해자로부터 331000원을 송금받고, 이후 잠적했다.",
    "settlement": 485003,
    "sentence": 7,
    "verdict_summary": "스노보드 장비 판매 사기 혐의로 징역 7개월, 합의금 485003원 선고.",
    "keywords": [
      "스노보드 장비",
      "중고거래",
      "사기"
    ]
  },
  {
    "id": 35,
    "category": "중고거래 사기",
    "text": "피고인은 고급 필름 카메라을(를) 허위 품질 보증서를 첨부해 신뢰를 얻고 피해자로부터 230000원을 송금받고, 이후 잠적했다.",
    "settlement": 351614,
    "sentence": 9,
    "verdict_summary": "고급 필름 카메라 판매 사기 혐의로 징역 9개월, 합의금 351614원 선고.",
    "keywords": [
      "고급 필름 카메라",
      "중고거래",
      "사기"
    ]
  },
  {
    "id": 36,
    "category": "중고거래 사기",
    "text": "피고인은 명품 청소기을(를) 무료 배송을 약속하며 피해자로부터 163000원을 송금받고, 이후 잠적했다.",
    "settlement": 233619,
    "sentence": 13,
    "verdict_summary": "명품 청소기 판매 사기 혐의로 징역 13개월, 합의금 233619원 선고.",
    "keywords": [
      "명품 청소기",
      "중고거래",
      "사기"
    ]
  },
  {
    "id": 37,
    "category": "중고거래 사기",
    "text": "피고인은 자전거을(를) 피해자의 관심을 끌기 위해 특가를 주장하며 피해자로부터 313000원을 송금받고, 이후 잠적했다.",
    "settlement": 434666,
    "sentence": 7,
    "verdict_summary": "자전거 판매 사기 혐의로 징역 7개월, 합의금 434666원 선고.",
    "keywords": [
      "자전거",
      "중고거래",
      "사기"
    ]
  },
  {
    "id": 38,
    "category": "중고거래 사기",
    "text": "피고인은 휴대용 모니터을(를) 실제 거래 이력이 있다고 거짓말하며 피해자로부터 108000원을 송금받고, 이후 잠적했다.",
    "settlement": 155197,
    "sentence": 6,
    "verdict_summary": "휴대용 모니터 판매 사기 혐의로 징역 6개월, 합의금 155197원 선고.",
    "keywords": [
      "휴대용 모니터",
      "중고거래",
      "사기"
    ]
  },
  {
    "id": 39,
    "category": "중고거래 사기",
    "text": "피고인은 명품 청소기을(를) 상품이 곧 매진될 것이라며 긴박감을 조성하고 피해자로부터 293000원을 송금받고, 이후 잠적했다.",
    "settlement": 400112,
    "sentence": 14,
    "verdict_summary": "명품 청소기 판매 사기 혐의로 징역 14개월, 합의금 400112원 선고.",
    "keywords": [
      "명품 청소기",
      "중고거래",
      "사기"
    ]
  },
  {
    "id": 40,
    "category": "중고거래 사기",
    "text": "피고인은 홈 오디오 시스템을(를) 가짜 사용자 후기를 보여주며 신뢰를 얻어 피해자로부터 438000원을 송금받고, 이후 잠적했다.",
    "settlement": 616013,
    "sentence": 11,
    "verdict_summary": "홈 오디오 시스템 판매 사기 혐의로 징역 11개월, 합의금 616013원 선고.",
    "keywords": [
      "홈 오디오 시스템",
      "중고거래",
      "사기"
    ]
  },
  {
    "id": 41,
    "category": "중고거래 사기",
    "text": "피고인은 하이엔드 스피커을(를) 상품이 곧 매진될 것이라며 긴박감을 조성하고 피해자로부터 243000원을 송금받고, 이후 잠적했다.",
    "settlement": 331728,
    "sentence": 14,
    "verdict_summary": "하이엔드 스피커 판매 사기 혐의로 징역 14개월, 합의금 331728원 선고.",
    "keywords": [
      "하이엔드 스피커",
      "중고거래",
      "사기"
    ]
  },
  {
    "id": 42,
    "category": "중고거래 사기",
    "text": "피고인은 음식 저장 용기 세트을(를) 다른 구매자를 속이기 위해 가짜 거래 내역을 보여주며 피해자로부터 328000원을 송금받고, 이후 잠적했다.",
    "settlement": 506837,
    "sentence": 13,
    "verdict_summary": "음식 저장 용기 세트 판매 사기 혐의로 징역 13개월, 합의금 506837원 선고.",
    "keywords": [
      "음식 저장 용기 세트",
      "중고거래",
      "사기"
    ]
  },
  {
    "id": 43,
    "category": "중고거래 사기",
    "text": "피고인은 휴대용 스피커을(를) 상품이 곧 매진될 것이라며 긴박감을 조성하고 피해자로부터 388000원을 송금받고, 이후 잠적했다.",
    "settlement": 590320,
    "sentence": 12,
    "verdict_summary": "휴대용 스피커 판매 사기 혐의로 징역 12개월, 합의금 590320원 선고.",
    "keywords": [
      "휴대용 스피커",
      "중고거래",
      "사기"
    ]
  },
  {
    "id": 44,
    "category": "중고거래 사기",
    "text": "피고인은 클라이밍 장비을(를) 할인을 미끼로 구매를 유도하며 피해자로부터 279000원을 송금받고, 이후 잠적했다.",
    "settlement": 426996,
    "sentence": 5,
    "verdict_summary": "클라이밍 장비 판매 사기 혐의로 징역 5개월, 합의금 426996원 선고.",
    "keywords": [
      "클라이밍 장비",
      "중고거래",
      "사기"
    ]
  },
  {
    "id": 45,
    "category": "중고거래 사기",
    "text": "피고인은 주방 칼 세트을(를) 거래 후기 사이트를 조작해 피해자를 유인하며 피해자로부터 66000원을 송금받고, 이후 잠적했다.",
    "settlement": 94248,
    "sentence": 10,
    "verdict_summary": "주방 칼 세트 판매 사기 혐의로 징역 10개월, 합의금 94248원 선고.",
    "keywords": [
      "주방 칼 세트",
      "중고거래",
      "사기"
    ]
  },
  {
    "id": 46,
    "category": "중고거래 사기",
    "text": "피고인은 프리미엄 다이어리을(를) 무료 배송을 약속하며 피해자로부터 145000원을 송금받고, 이후 잠적했다.",
    "settlement": 201223,
    "sentence": 5,
    "verdict_summary": "프리미엄 다이어리 판매 사기 혐의로 징역 5개월, 합의금 201223원 선고.",
    "keywords": [
      "프리미엄 다이어리",
      "중고거래",
      "사기"
    ]
  },
  {
    "id": 47,
    "category": "중고거래 사기",
    "text": "피고인은 클라이밍 장비을(를) 할인을 미끼로 구매를 유도하며 피해자로부터 57000원을 송금받고, 이후 잠적했다.",
    "settlement": 79646,
    "sentence": 4,
    "verdict_summary": "클라이밍 장비 판매 사기 혐의로 징역 4개월, 합의금 79646원 선고.",
    "keywords": [
      "클라이밍 장비",
      "중고거래",
      "사기"
    ]
  },
  {
    "id": 48,
    "category": "중고거래 사기",
    "text": "피고인은 휴대용 프로젝터을(를) 사용하지 않는 새 제품이라며 피해자로부터 84000원을 송금받고, 이후 잠적했다.",
    "settlement": 133640,
    "sentence": 10,
    "verdict_summary": "휴대용 프로젝터 판매 사기 혐의로 징역 10개월, 합의금 133640원 선고.",
    "keywords": [
      "휴대용 프로젝터",
      "중고거래",
      "사기"
    ]
  },
  {
    "id": 49,
    "category": "중고거래 사기",
    "text": "피고인은 주방 칼 세트을(를) 피해자의 취미에 맞춘 희귀 상품을 제안하여 피해자로부터 198000원을 송금받고, 이후 잠적했다.",
    "settlement": 277805,
    "sentence": 7,
    "verdict_summary": "주방 칼 세트 판매 사기 혐의로 징역 7개월, 합의금 277805원 선고.",
    "keywords": [
      "주방 칼 세트",
      "중고거래",
      "사기"
    ]
  },
  {
    "id": 50,
    "category": "중고거래 사기",
    "text": "피고인은 소형 냉장고을(를) 잦은 연락으로 신뢰를 쌓은 후 피해자로부터 256000원을 송금받고, 이후 잠적했다.",
    "settlement": 350586,
    "sentence": 10,
    "verdict_summary": "소형 냉장고 판매 사기 혐의로 징역 10개월, 합의금 350586원 선고.",
    "keywords": [
      "소형 냉장고",
      "중고거래",
      "사기"
    ]
  },
  {
    "id": 51,
    "category": "중고거래 사기",
    "text": "피고인은 디자이너 의류을(를) 가짜 사용자 후기를 보여주며 신뢰를 얻어 피해자로부터 90000원을 송금받고, 이후 잠적했다.",
    "settlement": 131066,
    "sentence": 14,
    "verdict_summary": "디자이너 의류 판매 사기 혐의로 징역 14개월, 합의금 131066원 선고.",
    "keywords": [
      "디자이너 의류",
      "중고거래",
      "사기"
    ]
  },
  {
    "id": 52,
    "category": "중고거래 사기",
    "text": "피고인은 캐리어 세트을(를) 잦은 연락으로 신뢰를 쌓은 후 피해자로부터 404000원을 송금받고, 이후 잠적했다.",
    "settlement": 581481,
    "sentence": 12,
    "verdict_summary": "캐리어 세트 판매 사기 혐의로 징역 12개월, 합의금 581481원 선고.",
    "keywords": [
      "캐리어 세트",
      "중고거래",
      "사기"
    ]
  },
  {
    "id": 53,
    "category": "중고거래 사기",
    "text": "피고인은 고급 화장품 세트을(를) 업무용으로 구매한 제품을 싸게 판다고 속이며 피해자로부터 84000원을 송금받고, 이후 잠적했다.",
    "settlement": 113238,
    "sentence": 4,
    "verdict_summary": "고급 화장품 세트 판매 사기 혐의로 징역 4개월, 합의금 113238원 선고.",
    "keywords": [
      "고급 화장품 세트",
      "중고거래",
      "사기"
    ]
  },
  {
    "id": 54,
    "category": "중고거래 사기",
    "text": "피고인은 전문가용 드론을(를) 상품이 한정판이라고 거짓 주장하며 피해자로부터 268000원을 송금받고, 이후 잠적했다.",
    "settlement": 371131,
    "sentence": 7,
    "verdict_summary": "전문가용 드론 판매 사기 혐의로 징역 7개월, 합의금 371131원 선고.",
    "keywords": [
      "전문가용 드론",
      "중고거래",
      "사기"
    ]
  },
  {
    "id": 55,
    "category": "중고거래 사기",
    "text": "피고인은 휴대용 프로젝터을(를) 거래 후기 사이트를 조작해 피해자를 유인하며 피해자로부터 153000원을 송금받고, 이후 잠적했다.",
    "settlement": 204829,
    "sentence": 14,
    "verdict_summary": "휴대용 프로젝터 판매 사기 혐의로 징역 14개월, 합의금 204829원 선고.",
    "keywords": [
      "휴대용 프로젝터",
      "중고거래",
      "사기"
    ]
  },
  {
    "id": 56,
    "category": "중고거래 사기",
    "text": "피고인은 디자이너 의류을(를) 피해자를 안심시키기 위해 가짜 송장 번호를 보내며 피해자로부터 275000원을 송금받고, 이후 잠적했다.",
    "settlement": 402848,
    "sentence": 5,
    "verdict_summary": "디자이너 의류 판매 사기 혐의로 징역 5개월, 합의금 402848원 선고.",
    "keywords": [
      "디자이너 의류",
      "중고거래",
      "사기"
    ]
  },
  {
    "id": 57,
    "category": "중고거래 사기",
    "text": "피고인은 음식 저장 용기 세트을(를) 할인을 미끼로 구매를 유도하며 피해자로부터 167000원을 송금받고, 이후 잠적했다.",
    "settlement": 251473,
    "sentence": 11,
    "verdict_summary": "음식 저장 용기 세트 판매 사기 혐의로 징역 11개월, 합의금 251473원 선고.",
    "keywords": [
      "음식 저장 용기 세트",
      "중고거래",
      "사기"
    ]
  },
  {
    "id": 58,
    "category": "중고거래 사기",
    "text": "피고인은 빈티지 보드게임을(를) 피해자의 취미에 맞춘 희귀 상품을 제안하여 피해자로부터 379000원을 송금받고, 이후 잠적했다.",
    "settlement": 602356,
    "sentence": 13,
    "verdict_summary": "빈티지 보드게임 판매 사기 혐의로 징역 13개월, 합의금 602356원 선고.",
    "keywords": [
      "빈티지 보드게임",
      "중고거래",
      "사기"
    ]
  },
  {
    "id": 59,
    "category": "중고거래 사기",
    "text": "피고인은 프리미엄 다이어리을(를) 다른 구매자를 속이기 위해 가짜 거래 내역을 보여주며 피해자로부터 388000원을 송금받고, 이후 잠적했다.",
    "settlement": 518106,
    "sentence": 7,
    "verdict_summary": "프리미엄 다이어리 판매 사기 혐의로 징역 7개월, 합의금 518106원 선고.",
    "keywords": [
      "프리미엄 다이어리",
      "중고거래",
      "사기"
    ]
  },
  {
    "id": 60,
    "category": "중고거래 사기",
    "text": "피고인은 전문가용 메이크업 키트을(를) 가족이 급하게 처분한다며 피해자로부터 173000원을 송금받고, 이후 잠적했다.",
    "settlement": 231941,
    "sentence": 9,
    "verdict_summary": "전문가용 메이크업 키트 판매 사기 혐의로 징역 9개월, 합의금 231941원 선고.",
    "keywords": [
      "전문가용 메이크업 키트",
      "중고거래",
      "사기"
    ]
  },
  {
    "id": 61,
    "category": "중고거래 사기",
    "text": "피고인은 서핑 보드을(를) 다른 구매자를 속이기 위해 가짜 거래 내역을 보여주며 피해자로부터 349000원을 송금받고, 이후 잠적했다.",
    "settlement": 506458,
    "sentence": 5,
    "verdict_summary": "서핑 보드 판매 사기 혐의로 징역 5개월, 합의금 506458원 선고.",
    "keywords": [
      "서핑 보드",
      "중고거래",
      "사기"
    ]
  },
  {
    "id": 62,
    "category": "중고거래 사기",
    "text": "피고인은 조립식 가구을(를) 정품 인증 사진을 위조하여 판매한다고 주장하고 피해자로부터 223000원을 송금받고, 이후 잠적했다.",
    "settlement": 341102,
    "sentence": 10,
    "verdict_summary": "조립식 가구 판매 사기 혐의로 징역 10개월, 합의금 341102원 선고.",
    "keywords": [
      "조립식 가구",
      "중고거래",
      "사기"
    ]
  },
  {
    "id": 63,
    "category": "중고거래 사기",
    "text": "피고인은 휴대용 스피커을(를) 다른 구매자를 속이기 위해 가짜 거래 내역을 보여주며 피해자로부터 179000원을 송금받고, 이후 잠적했다.",
    "settlement": 255004,
    "sentence": 13,
    "verdict_summary": "휴대용 스피커 판매 사기 혐의로 징역 13개월, 합의금 255004원 선고.",
    "keywords": [
      "휴대용 스피커",
      "중고거래",
      "사기"
    ]
  },
  {
    "id": 64,
    "category": "중고거래 사기",
    "text": "피고인은 프리미엄 매트리스을(를) 거래 후기 사이트를 조작해 피해자를 유인하며 피해자로부터 325000원을 송금받고, 이후 잠적했다.",
    "settlement": 457904,
    "sentence": 13,
    "verdict_summary": "프리미엄 매트리스 판매 사기 혐의로 징역 13개월, 합의금 457904원 선고.",
    "keywords": [
      "프리미엄 매트리스",
      "중고거래",
      "사기"
    ]
  },
  {
    "id": 65,
    "category": "중고거래 사기",
    "text": "피고인은 명품 청소기을(를) 무료 배송을 약속하며 피해자로부터 434000원을 송금받고, 이후 잠적했다.",
    "settlement": 620878,
    "sentence": 6,
    "verdict_summary": "명품 청소기 판매 사기 혐의로 징역 6개월, 합의금 620878원 선고.",
    "keywords": [
      "명품 청소기",
      "중고거래",
      "사기"
    ]
  },
  {
    "id": 66,
    "category": "중고거래 사기",
    "text": "피고인은 텐트을(를) 피해자를 안심시키기 위해 가짜 송장 번호를 보내며 피해자로부터 132000원을 송금받고, 이후 잠적했다.",
    "settlement": 203933,
    "sentence": 4,
    "verdict_summary": "텐트 판매 사기 혐의로 징역 4개월, 합의금 203933원 선고.",
    "keywords": [
      "텐트",
      "중고거래",
      "사기"
    ]
  },
  {
    "id": 67,
    "category": "중고거래 사기",
    "text": "피고인은 휴대용 프로젝터을(를) 피해자와 비슷한 지역에서 거래한다고 속이고 피해자로부터 251000원을 송금받고, 이후 잠적했다.",
    "settlement": 389146,
    "sentence": 6,
    "verdict_summary": "휴대용 프로젝터 판매 사기 혐의로 징역 6개월, 합의금 389146원 선고.",
    "keywords": [
      "휴대용 프로젝터",
      "중고거래",
      "사기"
    ]
  },
  {
    "id": 68,
    "category": "중고거래 사기",
    "text": "피고인은 예술가의 서명된 포스터을(를) 실제 거래 이력이 있다고 거짓말하며 피해자로부터 291000원을 송금받고, 이후 잠적했다.",
    "settlement": 442977,
    "sentence": 14,
    "verdict_summary": "예술가의 서명된 포스터 판매 사기 혐의로 징역 14개월, 합의금 442977원 선고.",
    "keywords": [
      "예술가의 서명된 포스터",
      "중고거래",
      "사기"
    ]
  },
  {
    "id": 69,
    "category": "중고거래 사기",
    "text": "피고인은 휴대용 스피커을(를) 다른 구매자를 속이기 위해 가짜 거래 내역을 보여주며 피해자로부터 354000원을 송금받고, 이후 잠적했다.",
    "settlement": 552121,
    "sentence": 7,
    "verdict_summary": "휴대용 스피커 판매 사기 혐의로 징역 7개월, 합의금 552121원 선고.",
    "keywords": [
      "휴대용 스피커",
      "중고거래",
      "사기"
    ]
  },
  {
    "id": 70,
    "category": "중고거래 사기",
    "text": "피고인은 전문가용 드론을(를) 업무용으로 구매한 제품을 싸게 판다고 속이며 피해자로부터 222000원을 송금받고, 이후 잠적했다.",
    "settlement": 342441,
    "sentence": 6,
    "verdict_summary": "전문가용 드론 판매 사기 혐의로 징역 6개월, 합의금 342441원 선고.",
    "keywords": [
      "전문가용 드론",
      "중고거래",
      "사기"
    ]
  },
  {
    "id": 71,
    "category": "중고거래 사기",
    "text": "피고인은 주방 칼 세트을(를) 다른 구매자를 속이기 위해 가짜 거래 내역을 보여주며 피해자로부터 93000원을 송금받고, 이후 잠적했다.",
    "settlement": 130709,
    "sentence": 6,
    "verdict_summary": "주방 칼 세트 판매 사기 혐의로 징역 6개월, 합의금 130709원 선고.",
    "keywords": [
      "주방 칼 세트",
      "중고거래",
      "사기"
    ]
  },
  {
    "id": 72,
    "category": "중고거래 사기",
    "text": "피고인은 휴대용 스피커을(를) 무료 배송을 약속하며 피해자로부터 420000원을 송금받고, 이후 잠적했다.",
    "settlement": 610848,
    "sentence": 14,
    "verdict_summary": "휴대용 스피커 판매 사기 혐의로 징역 14개월, 합의금 610848원 선고.",
    "keywords": [
      "휴대용 스피커",
      "중고거래",
      "사기"
    ]
  },
  {
    "id": 73,
    "category": "중고거래 사기",
    "text": "피고인은 고급 유아용 카시트을(를) 다른 구매자를 속이기 위해 가짜 거래 내역을 보여주며 피해자로부터 61000원을 송금받고, 이후 잠적했다.",
    "settlement": 83890,
    "sentence": 6,
    "verdict_summary": "고급 유아용 카시트 판매 사기 혐의로 징역 6개월, 합의금 83890원 선고.",
    "keywords": [
      "고급 유아용 카시트",
      "중고거래",
      "사기"
    ]
  },
  {
    "id": 74,
    "category": "중고거래 사기",
    "text": "피고인은 프로젝터을(를) 친구의 제품을 대신 판다고 속이며 피해자로부터 232000원을 송금받고, 이후 잠적했다.",
    "settlement": 332457,
    "sentence": 7,
    "verdict_summary": "프로젝터 판매 사기 혐의로 징역 7개월, 합의금 332457원 선고.",
    "keywords": [
      "프로젝터",
      "중고거래",
      "사기"
    ]
  },
  {
    "id": 75,
    "category": "중고거래 사기",
    "text": "피고인은 캐리어 세트을(를) 정품 인증 사진을 위조하여 판매한다고 주장하고 피해자로부터 447000원을 송금받고, 이후 잠적했다.",
    "settlement": 581152,
    "sentence": 4,
    "verdict_summary": "캐리어 세트 판매 사기 혐의로 징역 4개월, 합의금 581152원 선고.",
    "keywords": [
      "캐리어 세트",
      "중고거래",
      "사기"
    ]
  },
  {
    "id": 76,
    "category": "중고거래 사기",
    "text": "피고인은 텐트을(를) 상품이 곧 매진될 것이라며 긴박감을 조성하고 피해자로부터 389000원을 송금받고, 이후 잠적했다.",
    "settlement": 538024,
    "sentence": 14,
    "verdict_summary": "텐트 판매 사기 혐의로 징역 14개월, 합의금 538024원 선고.",
    "keywords": [
      "텐트",
      "중고거래",
      "사기"
    ]
  },
  {
    "id": 77,
    "category": "중고거래 사기",
    "text": "피고인은 전동 스쿠터을(를) 본인이 수입한 제품이라고 속이며 피해자로부터 171000원을 송금받고, 이후 잠적했다.",
    "settlement": 237619,
    "sentence": 12,
    "verdict_summary": "전동 스쿠터 판매 사기 혐의로 징역 12개월, 합의금 237619원 선고.",
    "keywords": [
      "전동 스쿠터",
      "중고거래",
      "사기"
    ]
  },
  {
    "id": 78,
    "category": "중고거래 사기",
    "text": "피고인은 한정판 음반을(를) 거래 후기 사이트를 조작해 피해자를 유인하며 피해자로부터 443000원을 송금받고, 이후 잠적했다.",
    "settlement": 643228,
    "sentence": 6,
    "verdict_summary": "한정판 음반 판매 사기 혐의로 징역 6개월, 합의금 643228원 선고.",
    "keywords": [
      "한정판 음반",
      "중고거래",
      "사기"
    ]
  },
  {
    "id": 79,
    "category": "중고거래 사기",
    "text": "피고인은 산악 자전거을(를) 상품이 곧 매진될 것이라며 긴박감을 조성하고 피해자로부터 231000원을 송금받고, 이후 잠적했다.",
    "settlement": 355281,
    "sentence": 12,
    "verdict_summary": "산악 자전거 판매 사기 혐의로 징역 12개월, 합의금 355281원 선고.",
    "keywords": [
      "산악 자전거",
      "중고거래",
      "사기"
    ]
  },
  {
    "id": 80,
    "category": "중고거래 사기",
    "text": "피고인은 스마트 조명을(를) 가짜 사용자 후기를 보여주며 신뢰를 얻어 피해자로부터 226000원을 송금받고, 이후 잠적했다.",
    "settlement": 329539,
    "sentence": 9,
    "verdict_summary": "스마트 조명 판매 사기 혐의로 징역 9개월, 합의금 329539원 선고.",
    "keywords": [
      "스마트 조명",
      "중고거래",
      "사기"
    ]
  },
  {
    "id": 81,
    "category": "중고거래 사기",
    "text": "피고인은 디자이너 의류을(를) 가족이 급하게 처분한다며 피해자로부터 346000원을 송금받고, 이후 잠적했다.",
    "settlement": 474951,
    "sentence": 5,
    "verdict_summary": "디자이너 의류 판매 사기 혐의로 징역 5개월, 합의금 474951원 선고.",
    "keywords": [
      "디자이너 의류",
      "중고거래",
      "사기"
    ]
  },
  {
    "id": 82,
    "category": "중고거래 사기",
    "text": "피고인은 프리미엄 키보드을(를) 무료 배송을 약속하며 피해자로부터 250000원을 송금받고, 이후 잠적했다.",
    "settlement": 325671,
    "sentence": 5,
    "verdict_summary": "프리미엄 키보드 판매 사기 혐의로 징역 5개월, 합의금 325671원 선고.",
    "keywords": [
      "프리미엄 키보드",
      "중고거래",
      "사기"
    ]
  },
  {
    "id": 83,
    "category": "중고거래 사기",
    "text": "피고인은 휴대용 모니터을(를) 실제 거래 이력이 있다고 거짓말하며 피해자로부터 364000원을 송금받고, 이후 잠적했다.",
    "settlement": 491202,
    "sentence": 4,
    "verdict_summary": "휴대용 모니터 판매 사기 혐의로 징역 4개월, 합의금 491202원 선고.",
    "keywords": [
      "휴대용 모니터",
      "중고거래",
      "사기"
    ]
  },
  {
    "id": 84,
    "category": "중고거래 사기",
    "text": "피고인은 프리미엄 매트리스을(를) 잦은 연락으로 신뢰를 쌓은 후 피해자로부터 164000원을 송금받고, 이후 잠적했다.",
    "settlement": 258722,
    "sentence": 13,
    "verdict_summary": "프리미엄 매트리스 판매 사기 혐의로 징역 13개월, 합의금 258722원 선고.",
    "keywords": [
      "프리미엄 매트리스",
      "중고거래",
      "사기"
    ]
  },
  {
    "id": 85,
    "category": "중고거래 사기",
    "text": "피고인은 플래시 피규어을(를) 상품이 한정판이라고 거짓 주장하며 피해자로부터 226000원을 송금받고, 이후 잠적했다.",
    "settlement": 349897,
    "sentence": 14,
    "verdict_summary": "플래시 피규어 판매 사기 혐의로 징역 14개월, 합의금 349897원 선고.",
    "keywords": [
      "플래시 피규어",
      "중고거래",
      "사기"
    ]
  },
  {
    "id": 86,
    "category": "중고거래 사기",
    "text": "피고인은 3D 프린터을(를) 가짜 사용자 후기를 보여주며 신뢰를 얻어 피해자로부터 168000원을 송금받고, 이후 잠적했다.",
    "settlement": 223351,
    "sentence": 10,
    "verdict_summary": "3D 프린터 판매 사기 혐의로 징역 10개월, 합의금 223351원 선고.",
    "keywords": [
      "3D 프린터",
      "중고거래",
      "사기"
    ]
  },
  {
    "id": 87,
    "category": "중고거래 사기",
    "text": "피고인은 전문가용 드론을(를) 피해자의 관심을 끌기 위해 특가를 주장하며 피해자로부터 428000원을 송금받고, 이후 잠적했다.",
    "settlement": 659377,
    "sentence": 12,
    "verdict_summary": "전문가용 드론 판매 사기 혐의로 징역 12개월, 합의금 659377원 선고.",
    "keywords": [
      "전문가용 드론",
      "중고거래",
      "사기"
    ]
  },
  {
    "id": 88,
    "category": "중고거래 사기",
    "text": "피고인은 스마트 조명을(를) 사용하지 않는 새 제품이라며 피해자로부터 454000원을 송금받고, 이후 잠적했다.",
    "settlement": 723450,
    "sentence": 4,
    "verdict_summary": "스마트 조명 판매 사기 혐의로 징역 4개월, 합의금 723450원 선고.",
    "keywords": [
      "스마트 조명",
      "중고거래",
      "사기"
    ]
  },
  {
    "id": 89,
    "category": "중고거래 사기",
    "text": "피고인은 서핑 보드을(를) 실제 거래 이력이 있다고 거짓말하며 피해자로부터 171000원을 송금받고, 이후 잠적했다.",
    "settlement": 243632,
    "sentence": 10,
    "verdict_summary": "서핑 보드 판매 사기 혐의로 징역 10개월, 합의금 243632원 선고.",
    "keywords": [
      "서핑 보드",
      "중고거래",
      "사기"
    ]
  },
  {
    "id": 90,
    "category": "중고거래 사기",
    "text": "피고인은 조립식 가구을(를) 피해자의 취미에 맞춘 희귀 상품을 제안하여 피해자로부터 98000원을 송금받고, 이후 잠적했다.",
    "settlement": 127773,
    "sentence": 5,
    "verdict_summary": "조립식 가구 판매 사기 혐의로 징역 5개월, 합의금 127773원 선고.",
    "keywords": [
      "조립식 가구",
      "중고거래",
      "사기"
    ]
  },
  {
    "id": 91,
    "category": "중고거래 사기",
    "text": "피고인은 서핑 보드을(를) 피해자의 관심을 끌기 위해 특가를 주장하며 피해자로부터 462000원을 송금받고, 이후 잠적했다.",
    "settlement": 703210,
    "sentence": 8,
    "verdict_summary": "서핑 보드 판매 사기 혐의로 징역 8개월, 합의금 703210원 선고.",
    "keywords": [
      "서핑 보드",
      "중고거래",
      "사기"
    ]
  },
  {
    "id": 92,
    "category": "중고거래 사기",
    "text": "피고인은 프리미엄 키보드을(를) 피해자를 안심시키기 위해 가짜 송장 번호를 보내며 피해자로부터 225000원을 송금받고, 이후 잠적했다.",
    "settlement": 321794,
    "sentence": 8,
    "verdict_summary": "프리미엄 키보드 판매 사기 혐의로 징역 8개월, 합의금 321794원 선고.",
    "keywords": [
      "프리미엄 키보드",
      "중고거래",
      "사기"
    ]
  },
  {
    "id": 93,
    "category": "중고거래 사기",
    "text": "피고인은 전문가용 드론을(를) 정품 인증 사진을 위조하여 판매한다고 주장하고 피해자로부터 296000원을 송금받고, 이후 잠적했다.",
    "settlement": 472336,
    "sentence": 8,
    "verdict_summary": "전문가용 드론 판매 사기 혐의로 징역 8개월, 합의금 472336원 선고.",
    "keywords": [
      "전문가용 드론",
      "중고거래",
      "사기"
    ]
  },
  {
    "id": 94,
    "category": "중고거래 사기",
    "text": "피고인은 캠핑 의자을(를) 상품이 한정판이라고 거짓 주장하며 피해자로부터 226000원을 송금받고, 이후 잠적했다.",
    "settlement": 308342,
    "sentence": 10,
    "verdict_summary": "캠핑 의자 판매 사기 혐의로 징역 10개월, 합의금 308342원 선고.",
    "keywords": [
      "캠핑 의자",
      "중고거래",
      "사기"
    ]
  },
  {
    "id": 95,
    "category": "중고거래 사기",
    "text": "피고인은 예술가의 서명된 포스터을(를) 피해자의 취미에 맞춘 희귀 상품을 제안하여 피해자로부터 316000원을 송금받고, 이후 잠적했다.",
    "settlement": 479844,
    "sentence": 10,
    "verdict_summary": "예술가의 서명된 포스터 판매 사기 혐의로 징역 10개월, 합의금 479844원 선고.",
    "keywords": [
      "예술가의 서명된 포스터",
      "중고거래",
      "사기"
    ]
  },
  {
    "id": 96,
    "category": "중고거래 사기",
    "text": "피고인은 캠핑 의자을(를) 피해자를 안심시키기 위해 가짜 송장 번호를 보내며 피해자로부터 346000원을 송금받고, 이후 잠적했다.",
    "settlement": 507627,
    "sentence": 14,
    "verdict_summary": "캠핑 의자 판매 사기 혐의로 징역 14개월, 합의금 507627원 선고.",
    "keywords": [
      "캠핑 의자",
      "중고거래",
      "사기"
    ]
  },
  {
    "id": 97,
    "category": "중고거래 사기",
    "text": "피고인은 조립식 가구을(를) 가짜 사용자 후기를 보여주며 신뢰를 얻어 피해자로부터 408000원을 송금받고, 이후 잠적했다.",
    "settlement": 534163,
    "sentence": 9,
    "verdict_summary": "조립식 가구 판매 사기 혐의로 징역 9개월, 합의금 534163원 선고.",
    "keywords": [
      "조립식 가구",
      "중고거래",
      "사기"
    ]
  },
  {
    "id": 98,
    "category": "중고거래 사기",
    "text": "피고인은 소형 로봇을(를) 본인이 수입한 제품이라고 속이며 피해자로부터 115000원을 송금받고, 이후 잠적했다.",
    "settlement": 155650,
    "sentence": 8,
    "verdict_summary": "소형 로봇 판매 사기 혐의로 징역 8개월, 합의금 155650원 선고.",
    "keywords": [
      "소형 로봇",
      "중고거래",
      "사기"
    ]
  },
  {
    "id": 99,
    "category": "중고거래 사기",
    "text": "피고인은 예술가의 서명된 포스터을(를) 정품 인증 사진을 위조하여 판매한다고 주장하고 피해자로부터 182000원을 송금받고, 이후 잠적했다.",
    "settlement": 245051,
    "sentence": 13,
    "verdict_summary": "예술가의 서명된 포스터 판매 사기 혐의로 징역 13개월, 합의금 245051원 선고.",
    "keywords": [
      "예술가의 서명된 포스터",
      "중고거래",
      "사기"
    ]
  },
  {
    "id": 100,
    "category": "중고거래 사기",
    "text": "피고인은 명품 청소기을(를) 무료 배송을 약속하며 피해자로부터 414000원을 송금받고, 이후 잠적했다.",
    "settlement": 627919,
    "sentence": 9,
    "verdict_summary": "명품 청소기 판매 사기 혐의로 징역 9개월, 합의금 627919원 선고.",
    "keywords": [
      "명품 청소기",
      "중고거래",
      "사기"
    ]
  }
]