[
    {
        "id": 1,
        "category": "성희롱",
        "text": "피고인은 회사 회식 자리에서 여직원들에게 '술은 오빠랑 마셔야 제맛이지'라는 등의 성적 발언을 수차례 하였다.",
        "settlement": 3000000,
        "sentence": 0,
        "verdict_summary": "성희롱 혐의로 벌금 300만원 선고. 회사 징계위원회에서 정직 3개월 처분.",
        "keywords": ["회식", "언어적성희롱", "직장내성희롱"]
    },
    {
        "id": 2,
        "category": "성희롱",
        "text": "피고인은 부하 직원에게 '우리 부서는 미모 수준이 낮아서 곤란해'라며 외모 비하 발언을 지속적으로 하였다.",
        "settlement": 2000000,
        "sentence": 0,
        "verdict_summary": "성희롱 혐의로 벌금 200만원 선고. 회사에서 감봉 처분.",
        "keywords": ["외모평가", "언어적성희롱", "직장내성희롱"]
    },
    {
        "id": 3,
        "category": "성희롱",
        "text": "피고인은 사내 메신저로 여직원들에게 음란한 사진을 전송하고 '재미있지 않냐'며 반응을 요구하였다.",
        "settlement": 5000000,
        "sentence": 0,
        "verdict_summary": "성희롱 혐의로 벌금 500만원 선고. 회사에서 해고 조치.",
        "keywords": ["음란물", "시각적성희롱", "직장내성희롱"]
    },
    {
        "id": 4,
        "category": "성희롱",
        "text": "피고인은 부서원들이 있는 단체 채팅방에서 특정 여직원의 신체를 평가하는 내용의 메시지를 반복적으로 게시하였다.",
        "settlement": 3000000,
        "sentence": 0,
        "verdict_summary": "성희롱 혐의로 벌금 300만원 선고. 회사에서 정직 처분.",
        "keywords": ["단체채팅", "언어적성희롱", "직장내성희롱"]
    },
    {
        "id": 5,
        "category": "성희롱",
        "text": "피고인은 면접 과정에서 여성 지원자에게 '결혼은 언제 할 거냐', '남자친구는 있냐' 등 불필요한 개인적 질문을 반복하였다.",
        "settlement": 2000000,
        "sentence": 0,
        "verdict_summary": "성희롱 혐의로 벌금 200만원 선고. 회사에서 서면경고 처분.",
        "keywords": ["채용면접", "언어적성희롱", "업무상위력"]
    },
    {
        "id": 6,
        "category": "성희롱",
        "text": "피고인은 직원 회의 중 여직원에게 '너는 예뻐서 고객들이 좋아할 거야'라는 등의 성적 발언을 하였다.",
        "settlement": 2500000,
        "sentence": 0,
        "verdict_summary": "성희롱 혐의로 벌금 250만원 선고. 회사에서 경고 처분.",
        "keywords": ["회의", "언어적성희롱", "직장내성희롱"]
    },
    {
        "id": 7,
        "category": "성희롱",
        "text": "피고인은 업무 평가 면담 중 여직원에게 '옷을 좀 더 예쁘게 입고 다니면 승진에 도움이 될 것'이라는 발언을 하였다.",
        "settlement": 4000000,
        "sentence": 0,
        "verdict_summary": "성희롱 혐의로 벌금 400만원 선고. 회사에서 정직 처분.",
        "keywords": ["업무평가", "언어적성희롱", "업무상위력"]
    },
    {
        "id": 8,
        "category": "성희롱",
        "text": "피고인은 부서 워크숍에서 여직원들에게 술을 강요하며 '이쁜 애가 술도 못 마시면 어떡하냐'는 등의 발언을 하였다.",
        "settlement": 3000000,
        "sentence": 0,
        "verdict_summary": "성희롱 혐의로 벌금 300만원 선고. 회사에서 감봉 처분.",
        "keywords": ["워크숍", "언어적성희롱", "직장내성희롱"]
    },
    {
        "id": 9,
        "category": "성희롱",
        "text": "피고인은 사내 엘리베이터에서 여직원의 치마 길이를 지적하며 '다리가 예뻐서 그러냐'는 등의 발언을 하였다.",
        "settlement": 2000000,
        "sentence": 0,
        "verdict_summary": "성희롱 혐의로 벌금 200만원 선고. 회사에서 경고 처분.",
        "keywords": ["복장평가", "언어적성희롱", "직장내성희롱"]
    },
    {
        "id": 10,
        "category": "성희롱",
        "text": "피고인은 사내 메신저로 여직원에게 '퇴근 후 맥주 한잔하자, 예쁜 애랑 마시면 더 맛있을 것 같다'는 등의 메시지를 반복적으로 전송하였다.",
        "settlement": 3000000,
        "sentence": 0,
        "verdict_summary": "성희롱 혐의로 벌금 300만원 선고. 회사에서 정직 처분.",
        "keywords": ["메신저", "언어적성희롱", "직장내성희롱"]
    },
    {
        "id": 11,
        "category": "성희롱",
        "text": "피고인은 학원 강사로서 수강생에게 '너는 얼굴이 이뻐서 공부 안해도 될 것 같은데?'라는 등의 발언을 수차례 하였다.",
        "settlement": 2500000,
        "sentence": 0,
        "verdict_summary": "성희롱 혐의로 벌금 250만원 선고. 학원에서 해임 조치.",
        "keywords": ["학원", "언어적성희롱", "교육기관"]
    },
    {
        "id": 12,
        "category": "성희롱",
        "text": "피고인은 거래처 직원에게 '오늘 입은 옷이 섹시해서 계약하고 싶은 마음이 생긴다'는 등의 메시지를 보냈다.",
        "settlement": 3000000,
        "sentence": 0,
        "verdict_summary": "성희롱 혐의로 벌금 300만원 선고. 회사에서 정직 2개월 처분.",
        "keywords": ["거래처", "언어적성희롱", "업무상위력"]
    },
    {
        "id": 13,
        "category": "성희롱",
        "text": "피고인은 SNS로 후배 여직원들의 사진을 캡처하여 '우리 부서 여자들 등급 매기기'라는 제목의 게시물을 올렸다.",
        "settlement": 5000000,
        "sentence": 0,
        "verdict_summary": "성희롱 혐의로 벌금 500만원 선고. 회사에서 권고사직 처분.",
        "keywords": ["SNS", "시각적성희롱", "등급매기기"]
    },
    {
        "id": 14,
        "category": "성희롱",
        "text": "피고인은 부하직원에게 '회식자리에서 부장님 옆에 앉아라. 네가 예뻐서 좋아하실 것 같다'는 등의 발언을 하였다.",
        "settlement": 3000000,
        "sentence": 0,
        "verdict_summary": "성희롱 혐의로 벌금 300만원 선고. 회사에서 감봉 처분.",
        "keywords": ["회식강요", "언어적성희롱", "업무상위력"]
    },
    {
        "id": 15,
        "category": "성희롱",
        "text": "피고인은 인턴 직원들이 있는 단체 카톡방에서 특정 여성 연예인의 노출 사진을 공유하며 '우리 회사 인턴은 이런 몸매 없나?'라는 발언을 하였다.",
        "settlement": 4000000,
        "sentence": 0,
        "verdict_summary": "성희롱 혐의로 벌금 400만원 선고. 회사에서 해임 처분.",
        "keywords": ["단체카톡", "시각적성희롱", "인턴"]
    },
    {
        "id": 16,
        "category": "성희롱",
        "text": "피고인은 병원 의사로서 여성 환자의 진료 중 '남자친구가 많이 좋아하겠다'는 등 불필요한 성적 발언을 하였다.",
        "settlement": 5000000,
        "sentence": 0,
        "verdict_summary": "성희롱 혐의로 벌금 500만원 선고. 의사협회에서 면허정지 3개월 처분.",
        "keywords": ["의료기관", "진료과정", "전문직"]
    },
    {
        "id": 17,
        "category": "성희롱",
        "text": "피고인은 공공기관 담당자로서 민원인에게 '이렇게 예쁜데 왜 아직도 미혼이냐'며 불필요한 사적 질문을 반복하였다.",
        "settlement": 3000000,
        "sentence": 0,
        "verdict_summary": "성희롱 혐의로 벌금 300만원 선고. 기관에서 정직 처분.",
        "keywords": ["공공기관", "민원상담", "업무상위력"]
    },
    {
        "id": 18,
        "category": "성희롱",
        "text": "피고인은 유튜브 라이브 방송 중 여성 출연자의 신체를 지적하며 선정적인 댓글을 유도하는 발언을 하였다.",
        "settlement": 4000000,
        "sentence": 0,
        "verdict_summary": "성희롱 혐의로 벌금 400만원 선고. 방송플랫폼에서 계정 정지 처분.",
        "keywords": ["온라인방송", "언어적성희롱", "미디어"]
    },
    {
        "id": 19,
        "category": "성희롱",
        "text": "피고인은 온라인 게임 음성채팅에서 여성 게이머에게 '여자가 이렇게 게임을 잘하면 남자친구가 싫어하지 않냐'는 등의 성차별적 발언을 하였다.",
        "settlement": 2000000,
        "sentence": 0,
        "verdict_summary": "성희롱 혐의로 벌금 200만원 선고. 게임 계정 영구 정지.",
        "keywords": ["게임", "음성채팅", "성차별"]
    },
    {
        "id": 20,
        "category": "성희롱",
        "text": "피고인은 댄스학원 강사로서 여성 수강생의 동작을 지도하며 '너는 몸매가 좋아서 섹시 댄스가 잘 어울릴 것 같다'는 등의 발언을 하였다.",
        "settlement": 3500000,
        "sentence": 0,
        "verdict_summary": "성희롱 혐의로 벌금 350만원 선고. 학원에서 해임 조치.",
        "keywords": ["댄스학원", "신체평가", "교육기관"]
    },
    {
        "id": 21,
        "category": "성희롱",
        "text": "피고인은 웹소설 플랫폼 담당자로서 여성 작가에게 '야한 소설을 쓰려면 경험이 필요하지 않냐'는 등의 부적절한 메시지를 보냈다.",
        "settlement": 4500000,
        "sentence": 0,
        "verdict_summary": "성희롱 혐의로 벌금 450만원 선고. 회사에서 해고 조치.",
        "keywords": ["웹소설", "메시지", "업무상위력"]
    },
    {
        "id": 22,
        "category": "성희롱",
        "text": "피고인은 방과후 교사로서 동료 교사들이 있는 단체 채팅방에서 특정 여교사의 복장을 지적하는 사진과 글을 올렸다.",
        "settlement": 3000000,
        "sentence": 0,
        "verdict_summary": "성희롱 혐의로 벌금 300만원 선고. 교육청에서 계약 해지.",
        "keywords": ["교육기관", "단체채팅", "복장평가"]
    },
    {
        "id": 23,
        "category": "성희롱",
        "text": "피고인은 프리랜서 사진작가로서 촬영 모델에게 '섹시한 포즈를 더 잘 잡으려면 개인적으로 친해져야 한다'며 사적인 만남을 강요하였다.",
        "settlement": 4000000,
        "sentence": 0,
        "verdict_summary": "성희롱 혐의로 벌금 400만원 선고. 사진작가협회 자격 정지.",
        "keywords": ["사진촬영", "개인만남강요", "업무상위력"]
    },
    {
        "id": 24,
        "category": "성희롱",
        "text": "피고인은 음악학원 원장으로서 레슨생의 외모를 평가하며 '예쁜데 노래를 못하면 어떡하냐'는 등의 발언을 반복하였다.",
        "settlement": 3000000,
        "sentence": 0,
        "verdict_summary": "성희롱 혐의로 벌금 300만원 선고. 학원연합회에서 경고 조치.",
        "keywords": ["음악학원", "외모평가", "교육기관"]
    },
    {
        "id": 25,
        "category": "성희롱",
        "text": "피고인은 웨딩숍 상담사로서 여성 고객에게 '살 좀 빼고 오지 그랬냐, 웨딩드레스가 안 어울릴 것 같다'는 등의 발언을 하였다.",
        "settlement": 2500000,
        "sentence": 0,
        "verdict_summary": "성희롱 혐의로 벌금 250만원 선고. 회사에서 해임 처분.",
        "keywords": ["웨딩숍", "신체비하", "서비스업"]
    },
    {
        "id": 26,
        "category": "성희롱",
        "text": "피고인은 피트니스센터 트레이너로서 여성 회원의 체형을 평가하며 '남자친구 있으면 자극 받아서 헤어질 것 같다'는 등의 발언을 하였다.",
        "settlement": 3500000,
        "sentence": 0,
        "verdict_summary": "성희롱 혐의로 벌금 350만원 선고. 센터에서 계약 해지.",
        "keywords": ["피트니스", "체형평가", "서비스업"]
    },
    {
        "id": 27,
        "category": "성희롱",
        "text": "피고인은 부동산 중개인으로서 신혼집을 알아보는 예비부부에게 '둘이 얼른 아이 만들어야겠다'며 사적인 발언을 반복하였다.",
        "settlement": 2000000,
        "sentence": 0,
        "verdict_summary": "성희롱 혐의로 벌금 200만원 선고. 부동산협회에서 자격정지 처분.",
        "keywords": ["부동산", "사적발언", "중개업"]
    },
    {
        "id": 28,
        "category": "성희롱",
        "text": "피고인은 동호회 회장으로서 여성 회원들의 실력을 평가하며 '여자가 이 정도면 남자 회원들이 좋아할 것'이라는 등의 발언을 하였다.",
        "settlement": 2500000,
        "sentence": 0,
        "verdict_summary": "성희롱 혐의로 벌금 250만원 선고. 동호회에서 제명 처분.",
        "keywords": ["동호회", "성차별", "실력평가"]
    },
    {
        "id": 29,
        "category": "성희롱",
        "text": "피고인은 교회 성가대 지휘자로서 여성 신도들에게 '옷을 이렇게 입으면 하나님이 좋아하실까?'라는 등의 외모 평가성 발언을 하였다.",
        "settlement": 3000000,
        "sentence": 0,
        "verdict_summary": "성희롱 혐의로 벌금 300만원 선고. 교회에서 해임 조치.",
        "keywords": ["종교단체", "복장평가", "성차별"]
    },
    {
        "id": 30,
        "category": "성희롱",
        "text": "피고인은 채용 면접관으로서 여성 지원자에게 '결혼하면 일을 계속할 수 있겠냐'며 성차별적 질문을 반복하였다.",
        "settlement": 4000000,
        "sentence": 0,
        "verdict_summary": "성희롱 혐의로 벌금 400만원 선고. 인사위원회에서 해임 권고.",
        "keywords": ["채용면접", "성차별", "업무상위력"]
    },
    {
        "id": 31,
        "category": "성희롱",
        "text": "피고인은 온라인 강의 플랫폼 교수자로서 화상 수업 중 여성 수강생들에게 '얼굴이 예뻐서 수업 집중이 안 된다'는 등의 발언을 반복하였다.",
        "settlement": 3000000,
        "sentence": 0,
        "verdict_summary": "성희롱 혐의로 벌금 300만원 선고. 플랫폼에서 강의 제공자 자격 박탈.",
        "keywords": ["온라인강의", "화상수업", "언어적성희롱"]
    },
    {
        "id": 32,
        "category": "성희롱",
        "text": "피고인은 연극 연출가로서 여성 배우들에게 '섹시한 장면은 실제 연애 경험이 필요하다'며 사적 만남을 강요하였다.",
        "settlement": 5000000,
        "sentence": 0,
        "verdict_summary": "성희롱 혐의로 벌금 500만원 선고. 예술인협회에서 자격 정지.",
        "keywords": ["연극", "사적만남강요", "업무상위력"]
    },
    {
        "id": 33,
        "category": "성희롱",
        "text": "피고인은 인사팀장으로서 승진 면담 중 여직원에게 '상사와 개인적으로 친해지면 승진에 도움이 될 것'이라는 발언을 하였다.",
        "settlement": 6000000,
        "sentence": 0,
        "verdict_summary": "성희롱 혐의로 벌금 600만원 선고. 회사에서 해임 처분.",
        "keywords": ["승진면담", "업무상위력", "조건부제안"]
    },
    {
        "id": 34,
        "category": "성희롱",
        "text": "피고인은 투자 상담사로서 여성 고객에게 '투자는 여자가 잘 모를 텐데 저녁에 따로 만나서 설명해주겠다'는 메시지를 보냈다.",
        "settlement": 3500000,
        "sentence": 0,
        "verdict_summary": "성희롱 혐의로 벌금 350만원 선고. 금융업 자격 정지.",
        "keywords": ["투자상담", "사적만남요구", "금융업"]
    },
    {
        "id": 35,
        "category": "성희롱",
        "text": "피고인은 SNS 스타로서 팬미팅에서 여성 팬들의 외모를 순위 매기고 이를 실시간으로 방송하였다.",
        "settlement": 4000000,
        "sentence": 0,
        "verdict_summary": "성희롱 혐의로 벌금 400만원 선고. SNS 계정 일시 정지.",
        "keywords": ["SNS", "외모순위", "실시간방송"]
    },
    {
        "id": 36,
        "category": "성희롱",
        "text": "피고인은 요가 강사로서 수강생들의 체형 사진을 무단으로 찍어 '요가 전후 몸매 변화'라는 제목으로 SNS에 게시하였다.",
        "settlement": 4500000,
        "sentence": 0,
        "verdict_summary": "성희롱 혐의로 벌금 450만원 선고. 요가협회 자격 정지.",
        "keywords": ["요가", "무단촬영", "SNS게시"]
    },
    {
        "id": 37,
        "category": "성희롱",
        "text": "피고인은 대형마트 관리자로서 여성 직원들에게 '고객이 좋아하게 화장을 예쁘게 하고 짧은 치마를 입으라'고 강요하였다.",
        "settlement": 3000000,
        "sentence": 0,
        "verdict_summary": "성희롱 혐의로 벌금 300만원 선고. 회사에서 정직 처분.",
        "keywords": ["대형마트", "복장강요", "업무상위력"]
    },
    {
        "id": 38,
        "category": "성희롱",
        "text": "피고인은 방송작가로서 여성 스태프들의 외모를 평가하며 '예능은 여자가 예뻐야 한다'는 등의 발언을 하였다.",
        "settlement": 4000000,
        "sentence": 0,
        "verdict_summary": "성희롱 혐의로 벌금 400만원 선고. 방송사에서 계약 해지.",
        "keywords": ["방송국", "외모평가", "업무상위력"]
    },
    {
        "id": 39,
        "category": "성희롱",
        "text": "피고인은 프로젝트 팀장으로서 회의 중 여직원에게 '여자가 이런 일을 잘할 수 있을지 모르겠다'며 성차별적 발언을 하였다.",
        "settlement": 3500000,
        "sentence": 0,
        "verdict_summary": "성희롱 혐의로 벌금 350만원 선고. 회사에서 감봉 처분.",
        "keywords": ["프로젝트", "성차별", "업무상위력"]
    },
    {
        "id": 40,
        "category": "성희롱",
        "text": "피고인은 게임회사 개발자로서 여성 캐릭터 디자인 회의 중 '선정적으로 그려야 유저들이 좋아한다'며 부적절한 수정을 요구하였다.",
        "settlement": 3000000,
        "sentence": 0,
        "verdict_summary": "성희롱 혐의로 벌금 300만원 선고. 회사에서 경고 처분.",
        "keywords": ["게임개발", "성상품화", "업무상위력"]
    },
    {
        "id": 41,
        "category": "성희롱",
        "text": "피고인은 보험설계사로서 고객에게 '예쁜 여자는 보험료를 깎아줄 수 있다'며 부적절한 발언을 하였다.",
        "settlement": 2500000,
        "sentence": 0,
        "verdict_summary": "성희롱 혐의로 벌금 250만원 선고. 보험사에서 위촉 해지.",
        "keywords": ["보험설계", "부적절발언", "영업직"]
    },
    {
        "id": 42,
        "category": "성희롱",
        "text": "피고인은 항공사 면접관으로서 여성 지원자들에게 '살을 빼면 합격 가능성이 높아질 것'이라는 발언을 하였다.",
        "settlement": 4000000,
        "sentence": 0,
        "verdict_summary": "성희롱 혐의로 벌금 400만원 선고. 인사위원회에서 해임 권고.",
        "keywords": ["항공사", "채용면접", "체형평가"]
    },
    {
        "id": 43,
        "category": "성희롱",
        "text": "피고인은 영어학원 원어민 강사로서 수강생들의 외모를 평가하며 '미국에서는 네가 제일 인기 있을 것'이라는 발언을 하였다.",
        "settlement": 3500000,
        "sentence": 0,
        "verdict_summary": "성희롱 혐의로 벌금 350만원 선고. 학원에서 계약 해지.",
        "keywords": ["영어학원", "원어민강사", "외모평가"]
    },
    {
        "id": 44,
        "category": "성희롱",
        "text": "피고인은 미술관 큐레이터로서 여성 작가에게 '개인적으로 더 친해지면 전시 기회를 줄 수 있다'는 발언을 하였다.",
        "settlement": 5000000,
        "sentence": 0,
        "verdict_summary": "성희롱 혐의로 벌금 500만원 선고. 미술관에서 해임 조치.",
        "keywords": ["미술관", "조건부제안", "업무상위력"]
    },
    {
        "id": 45,
        "category": "성희롱",
        "text": "피고인은 출판사 편집장으로서 여성 작가의 원고 검토 중 '연애 경험이 부족해 보인다'며 사적인 만남을 제안하였다.",
        "settlement": 4500000,
        "sentence": 0,
        "verdict_summary": "성희롱 혐의로 벌금 450만원 선고. 출판사에서 해임 처분.",
        "keywords": ["출판사", "사적만남제안", "업무상위력"]
    },
    {
        "id": 46,
        "category": "성희롱",
        "text": "피고인은 호텔 지배인으로서 여성 직원들에게 '손님이 좋아하도록 꾸미고 다니라'며 특정 복장을 강요하였다.",
        "settlement": 4000000,
        "sentence": 0,
        "verdict_summary": "성희롱 혐의로 벌금 400만원 선고. 호텔에서 정직 처분.",
        "keywords": ["호텔", "복장강요", "업무상위력"]
    },
    {
        "id": 47,
        "category": "성희롱",
        "text": "피고인은 결혼정보회사 매니저로서 여성 회원에게 '나이도 있는데 눈높이를 낮추는 게 어떠냐'는 등의 발언을 하였다.",
        "settlement": 2500000,
        "sentence": 0,
        "verdict_summary": "성희롱 혐의로 벌금 250만원 선고. 회사에서 경고 처분.",
        "keywords": ["결혼정보회사", "차별발언", "서비스업"]
    },
    {
        "id": 48,
        "category": "성희롱",
        "text": "피고인은 스포츠센터 관장으로서 여성 회원들의 운동복 차림을 사진 찍어 직원 단체방에 공유하였다.",
        "settlement": 5000000,
        "sentence": 0,
        "verdict_summary": "성희롱 혐의로 벌금 500만원 선고. 체육협회에서 자격 정지.",
        "keywords": ["스포츠센터", "무단촬영", "사진유포"]
    },
    {
        "id": 49,
        "category": "성희롱",
        "text": "피고인은 대학 교수로서 여학생들의 결혼과 연애 경험을 수업 중 공개적으로 질문하고 평가하였다.",
        "settlement": 6000000,
        "sentence": 0,
        "verdict_summary": "성희롱 혐의로 벌금 600만원 선고. 대학에서 정직 처분.",
        "keywords": ["대학교수", "사생활침해", "교육기관"]
    },
    {
        "id": 50,
        "category": "성희롱",
        "text": "피고인은 공인중개사로서 원룸을 구하러 온 여성에게 '혼자 사느냐, 남자친구가 자주 오느냐'는 등 사적인 질문을 하였다.",
        "settlement": 2000000,
        "sentence": 0,
        "verdict_summary": "성희롱 혐의로 벌금 200만원 선고. 공인중개사협회 경고 조치.",
        "keywords": ["공인중개사", "사생활침해", "부동산"]
    },
    {
        "id": 51,
        "category": "성희롱",
        "text": "피고인은 패션 브랜드 매니저로서 여성 직원들에게 '우리 매장은 날씬한 직원만 뽑는다'며 다이어트를 강요하였다.",
        "settlement": 3500000,
        "sentence": 0,
        "verdict_summary": "성희롱 혐의로 벌금 350만원 선고. 회사에서 정직 3개월 처분.",
        "keywords": ["패션업계", "체형강요", "업무상위력"]
    },
    {
        "id": 52,
        "category": "성희롱",
        "text": "피고인은 온라인 쇼핑몰 촬영감독으로서 여성 모델에게 '섹시한 포즈를 더 취하면 다음에도 고용하겠다'는 발언을 하였다.",
        "settlement": 4000000,
        "sentence": 0,
        "verdict_summary": "성희롱 혐의로 벌금 400만원 선고. 회사에서 해임 조치.",
        "keywords": ["촬영현장", "조건부채용", "업무상위력"]
    },
    {
        "id": 53,
        "category": "성희롱",
        "text": "피고인은 재택근무 관리자로서 여직원들에게 화상회의 중 '재택근무니까 민망한 복장이어도 된다'는 등의 발언을 하였다.",
        "settlement": 3000000,
        "sentence": 0,
        "verdict_summary": "성희롱 혐의로 벌금 300만원 선고. 회사에서 감봉 처분.",
        "keywords": ["재택근무", "화상회의", "복장평가"]
    },
    {
        "id": 54,
        "category": "성희롱",
        "text": "피고인은 방문 요리 강사로서 수강생의 집에서 '남편이 좋아할 만한 요리를 가르쳐주겠다'며 신체 접촉을 시도하였다.",
        "settlement": 5000000,
        "sentence": 0,
        "verdict_summary": "성희롱 혐의로 벌금 500만원 선고. 자격증 정지 6개월.",
        "keywords": ["방문강습", "부적절발언", "교육서비스"]
    },
    {
        "id": 55,
        "category": "성희롱",
        "text": "피고인은 전자제품 매장 직원으로서 여성 고객에게 '남자친구와 같이 쓸 제품이냐'며 사적인 질문을 반복하였다.",
        "settlement": 2000000,
        "sentence": 0,
        "verdict_summary": "성희롱 혐의로 벌금 200만원 선고. 매장에서 근신 처분.",
        "keywords": ["전자제품", "사생활침해", "판매직"]
    },
    {
        "id": 56,
        "category": "성희롱",
        "text": "피고인은 프리랜서 디자이너로서 의뢰인에게 '예쁜 여자는 할인해준다'며 부적절한 메시지를 보냈다.",
        "settlement": 2500000,
        "sentence": 0,
        "verdict_summary": "성희롱 혐의로 벌금 250만원 선고. 디자이너 협회 경고.",
        "keywords": ["디자이너", "조건부할인", "프리랜서"]
    },
    {
        "id": 57,
        "category": "성희롱",
        "text": "피고인은 유튜브 편집자로서 여성 크리에이터의 영상을 과도하게 선정적으로 편집하여 업로드하였다.",
        "settlement": 3500000,
        "sentence": 0,
        "verdict_summary": "성희롱 혐의로 벌금 350만원 선고. 계약 해지 조치.",
        "keywords": ["유튜브", "영상편집", "선정성"]
    },
    {
        "id": 58,
        "category": "성희롱",
        "text": "피고인은 반려동물 미용사로서 여성 고객에게 '애완동물처럼 예쁘시네요'라는 등의 불쾌한 발언을 하였다.",
        "settlement": 2000000,
        "sentence": 0,
        "verdict_summary": "성희롱 혐의로 벌금 200만원 선고. 가게에서 경고 조치.",
        "keywords": ["반려동물", "부적절발언", "미용업"]
    },
    {
        "id": 59,
        "category": "성희롱",
        "text": "피고인은 택배기사로서 여성 고객의 배송 주소를 이용해 SNS를 찾아 친구 신청과 함께 외모 평가성 메시지를 보냈다.",
        "settlement": 3000000,
        "sentence": 0,
        "verdict_summary": "성희롱 혐의로 벌금 300만원 선고. 배송업체 계약 해지.",
        "keywords": ["택배", "개인정보남용", "SNS"]
    },
    {
        "id": 60,
        "category": "성희롱",
        "text": "피고인은 공유오피스 매니저로서 여성 입주자들의 출근 복장을 평가하며 사진을 몰래 찍어 보관하였다.",
        "settlement": 4500000,
        "sentence": 0,
        "verdict_summary": "성희롱 혐의로 벌금 450만원 선고. 즉각 해고 조치.",
        "keywords": ["공유오피스", "몰래촬영", "업무상위력"]
    },
    {
        "id": 61,
        "category": "성희롱",
        "text": "피고인은 홈스타일링 전문가로서 상담 고객에게 '남자들이 좋아하는 인테리어를 추천해주겠다'며 사적인 만남을 요구하였다.",
        "settlement": 3000000,
        "sentence": 0,
        "verdict_summary": "성희롱 혐의로 벌금 300만원 선고. 자격 정지 3개월.",
        "keywords": ["홈스타일링", "사적만남", "서비스업"]
    },
    {
        "id": 62,
        "category": "성희롱",
        "text": "피고인은 공인인증서 발급 담당자로서 여성 민원인에게 '이렇게 예쁜데 왜 인증서가 필요하냐'며 사적인 질문을 하였다.",
        "settlement": 2000000,
        "sentence": 0,
        "verdict_summary": "성희롱 혐의로 벌금 200만원 선고. 부서 이동 조치.",
        "keywords": ["민원업무", "사적질문", "공공기관"]
    },
    {
        "id": 63,
        "category": "성희롱",
        "text": "피고인은 웨딩플래너로서 신혼여행 상품을 추천하며 '신혼부부가 할 일'에 대해 부적절한 발언을 반복하였다.",
        "settlement": 3500000,
        "sentence": 0,
        "verdict_summary": "성희롱 혐의로 벌금 350만원 선고. 회사에서 해임.",
        "keywords": ["웨딩플래너", "부적절발언", "서비스업"]
    },
    {
        "id": 64,
        "category": "성희롱",
        "text": "피고인은 렌터카 업체 직원으로서 여성 운전자에게 '여자가 운전하기에는 너무 큰 차 아니냐'며 성차별적 발언을 하였다.",
        "settlement": 2500000,
        "sentence": 0,
        "verdict_summary": "성희롱 혐의로 벌금 250만원 선고. 회사 경고 조치.",
        "keywords": ["렌터카", "성차별", "서비스업"]
    },
    {
        "id": 65,
        "category": "성희롱",
        "text": "피고인은 스포츠용품점 직원으로서 여성 고객의 신체 사이즈를 물으며 불필요한 신체 접촉을 시도하였다.",
        "settlement": 4000000,
        "sentence": 0,
        "verdict_summary": "성희롱 혐의로 벌금 400만원 선고. 즉시 해고 조치.",
        "keywords": ["스포츠용품", "신체접촉", "판매직"]
    },
    {
        "id": 66,
        "category": "성희롱",
        "text": "피고인은 온라인 게임 운영자로서 여성 게이머의 프로필 사진을 캡처하여 직원 채팅방에 부적절한 평가와 함께 공유하였다.",
        "settlement": 3500000,
        "sentence": 0,
        "verdict_summary": "성희롱 혐의로 벌금 350만원 선고. 회사에서 정직 처분.",
        "keywords": ["게임업계", "사진유포", "온라인"]
    },
    {
        "id": 67,
        "category": "성희롱",
        "text": "피고인은 명상 센터 강사로서 여성 수강생들에게 '긍정적 에너지를 위해 포옹이 필요하다'며 신체 접촉을 시도하였다.",
        "settlement": 4000000,
        "sentence": 0,
        "verdict_summary": "성희롱 혐의로 벌금 400만원 선고. 센터에서 제명.",
        "keywords": ["명상센터", "신체접촉", "교육기관"]
    },
    {
        "id": 68,
        "category": "성희롱",
        "text": "피고인은 공인중개사로서 여성 세입자에게 '집주인이 예쁜 여자를 선호한다'며 부적절한 발언을 하였다.",
        "settlement": 3000000,
        "sentence": 0,
        "verdict_summary": "성희롱 혐의로 벌금 300만원 선고. 협회 경고 조치.",
        "keywords": ["부동산", "부적절발언", "중개업"]
    },
    {
        "id": 69,
        "category": "성희롱",
        "text": "피고인은 스터디카페 운영자로서 여성 회원들의 좌석 배치를 임의로 조정하며 특정 자리에서만 공부하도록 유도하였다.",
        "settlement": 2500000,
        "sentence": 0,
        "verdict_summary": "성희롱 혐의로 벌금 250만원 선고. 영업 정지 1개월.",
        "keywords": ["스터디카페", "좌석강요", "업무상위력"]
    },
    {
        "id": 70,
        "category": "성희롱",
        "text": "피고인은 미술학원 강사로서 인체 드로잉 수업 중 여성 수강생들에게 부적절한 포즈를 강요하였다.",
        "settlement": 4500000,
        "sentence": 0,
        "verdict_summary": "성희롱 혐의로 벌금 450만원 선고. 학원 해임 조치.",
        "keywords": ["미술학원", "부적절지시", "교육기관"]
    },
    {
        "id": 71,
        "category": "성희롱",
        "text": "피고인은 라이브 커머스 PD로서 여성 쇼호스트에게 '시청률을 위해 좀 더 노출이 있는 옷을 입으라'고 강요하였다.",
        "settlement": 4000000,
        "sentence": 0,
        "verdict_summary": "성희롱 혐의로 벌금 400만원 선고. 방송사에서 해임 조치.",
        "keywords": ["라이브커머스", "복장강요", "방송"]
    },
    {
        "id": 72,
        "category": "성희롱",
        "text": "피고인은 메타버스 플랫폼 운영자로서 여성 아바타만 골라 따라다니며 부적절한 동작을 반복하였다.",
        "settlement": 2000000,
        "sentence": 0,
        "verdict_summary": "성희롱 혐의로 벌금 200만원 선고. 계정 영구 정지.",
        "keywords": ["메타버스", "디지털성희롱", "온라인"]
    },
    {
        "id": 73,
        "category": "성희롱",
        "text": "피고인은 증권사 투자상담사로서 여성 고객에게 '투자는 여자가 잘 모를 테니 저녁에 따로 만나서 설명해주겠다'고 하였다.",
        "settlement": 3500000,
        "sentence": 0,
        "verdict_summary": "성희롱 혐의로 벌금 350만원 선고. 자격정지 6개월.",
        "keywords": ["증권사", "사적만남", "금융업"]
    },
    {
        "id": 74,
        "category": "성희롱",
        "text": "피고인은 향수 판매원으로서 여성 고객의 목과 손목에 향수를 직접 뿌려주며 불필요한 신체 접촉을 하였다.",
        "settlement": 2500000,
        "sentence": 0,
        "verdict_summary": "성희롱 혐의로 벌금 250만원 선고. 매장 퇴직 조치.",
        "keywords": ["향수판매", "신체접촉", "판매직"]
    },
    {
        "id": 75,
        "category": "성희롱",
        "text": "피고인은 와인바 운영자로서 여성 손님들의 사진을 몰래 찍어 'VIP 고객 관리'라는 명목으로 보관하였다.",
        "settlement": 5000000,
        "sentence": 0,
        "verdict_summary": "성희롱 혐의로 벌금 500만원 선고. 영업정지 3개월.",
        "keywords": ["와인바", "불법촬영", "서비스업"]
    },
    {
        "id": 76,
        "category": "성희롱",
        "text": "피고인은 정수기 관리자로서 방문 점검 시 여성 고객에게 '남편이 없을 때 방문하고 싶다'는 등의 부적절한 메시지를 보냈다.",
        "settlement": 3000000,
        "sentence": 0,
        "verdict_summary": "성희롱 혐의로 벌금 300만원 선고. 업체 계약 해지.",
        "keywords": ["방문점검", "부적절메시지", "서비스업"]
    },
    {
        "id": 77,
        "category": "성희롱",
        "text": "피고인은 드론 촬영 강사로서 여성 수강생에게 '예쁜 사람은 영상도 잘 나온다'며 불필요한 신체 접촉을 시도하였다.",
        "settlement": 3500000,
        "sentence": 0,
        "verdict_summary": "성희롱 혐의로 벌금 350만원 선고. 자격정지 3개월.",
        "keywords": ["드론강사", "신체접촉", "교육기관"]
    },
    {
        "id": 78,
        "category": "성희롱",
        "text": "피고인은 클라이밍장 운영자로서 여성 회원들의 운동복 차림을 몰래 촬영하여 SNS에 게시하였다.",
        "settlement": 4500000,
        "sentence": 0,
        "verdict_summary": "성희롱 혐의로 벌금 450만원 선고. 체육시설 등록 취소.",
        "keywords": ["클라이밍", "불법촬영", "체육시설"]
    },
    {
        "id": 79,
        "category": "성희롱",
        "text": "피고인은 퍼스널컬러 진단사로서 여성 고객의 피부를 과도하게 접촉하며 부적절한 발언을 하였다.",
        "settlement": 2500000,
        "sentence": 0,
        "verdict_summary": "성희롱 혐의로 벌금 250만원 선고. 자격정지 2개월.",
        "keywords": ["퍼스널컬러", "신체접촉", "뷰티"]
    },
    {
        "id": 80,
        "category": "성희롱",
        "text": "피고인은 공공도서관 사서로서 여성 이용자들의 대출 기록을 조회하여 취향이 비슷하다며 개인 연락처로 메시지를 보냈다.",
        "settlement": 3000000,
        "sentence": 0,
        "verdict_summary": "성희롱 혐의로 벌금 300만원 선고. 정직 3개월 처분.",
        "keywords": ["도서관", "개인정보유출", "공공기관"]
    },
    {
        "id": 81,
        "category": "성희롱",
        "text": "피고인은 반려동물 유치원 원장으로서 여성 견주들의 방문 시간을 몰래 기록하고 사적인 연락을 시도하였다.",
        "settlement": 2500000,
        "sentence": 0,
        "verdict_summary": "성희롱 혐의로 벌금 250만원 선고. 영업장 정지 1개월.",
        "keywords": ["반려동물", "개인정보악용", "서비스업"]
    },
    {
        "id": 82,
        "category": "성희롱",
        "text": "피고인은 음악 스트리밍 플랫폼 직원으로서 여성 이용자들의 플레이리스트를 분석해 '감성적인 여자가 좋다'며 메시지를 보냈다.",
        "settlement": 3000000,
        "sentence": 0,
        "verdict_summary": "성희롱 혐의로 벌금 300만원 선고. 해임 조치.",
        "keywords": ["음악플랫폼", "개인정보악용", "온라인"]
    },
    {
        "id": 83,
        "category": "성희롱",
        "text": "피고인은 스마트폰 수리점 직원으로서 여성 고객의 기기를 수리하며 개인 사진을 무단으로 열람하였다.",
        "settlement": 4000000,
        "sentence": 0,
        "verdict_summary": "성희롱 혐의로 벌금 400만원 선고. 영업정지 2개월.",
        "keywords": ["스마트폰수리", "개인정보침해", "서비스업"]
    },
    {
        "id": 84,
        "category": "성희롱",
        "text": "피고인은 방송국 작가로서 아이돌 오디션 프로그램 지원자들의 외모를 순위 매겨 내부 단톡방에 공유하였다.",
        "settlement": 5000000,
        "sentence": 0,
        "verdict_summary": "성희롱 혐의로 벌금 500만원 선고. 방송국 출입금지.",
        "keywords": ["방송작가", "외모평가", "연예인"]
    },
    {
        "id": 85,
        "category": "성희롱",
        "text": "피고인은 배달앱 고객센터 직원으로서 여성 고객의 연락처로 '예쁜 목소리다'라며 사적인 메시지를 보냈다.",
        "settlement": 2500000,
        "sentence": 0,
        "verdict_summary": "성희롱 혐의로 벌금 250만원 선고. 즉시 해고 조치.",
        "keywords": ["배달앱", "개인정보악용", "고객센터"]
    },
    {
        "id": 86,
        "category": "성희롱",
        "text": "피고인은 프리미엄 멤버십 매니저로서 여성 회원들의 소비 패턴을 분석해 '모임에서 소개시켜주고 싶다'며 연락을 시도하였다.",
        "settlement": 3500000,
        "sentence": 0,
        "verdict_summary": "성희롱 혐의로 벌금 350만원 선고. 회사에서 해임.",
        "keywords": ["멤버십", "개인정보악용", "서비스업"]
    },
    {
        "id": 87,
        "category": "성희롱",
        "text": "피고인은 필라테스 강사로서 자세 교정을 빌미로 여성 수강생들의 신체를 불필요하게 접촉하였다.",
        "settlement": 4000000,
        "sentence": 0,
        "verdict_summary": "성희롱 혐의로 벌금 400만원 선고. 자격정지 6개월.",
        "keywords": ["필라테스", "신체접촉", "체육시설"]
    },
    {
        "id": 88,
        "category": "성희롱",
        "text": "피고인은 공인중개사로서 신혼집을 알아보는 여성에게 '남편 수입은 얼마나 되냐'며 사적인 질문을 반복하였다.",
        "settlement": 2000000,
        "sentence": 0,
        "verdict_summary": "성희롱 혐의로 벌금 200만원 선고. 협회 경고 조치.",
        "keywords": ["공인중개사", "사생활침해", "부동산"]
    },
    {
        "id": 89,
        "category": "성희롱",
        "text": "피고인은 미용실 원장으로서 여성 직원들에게 '손님들이 좋아하게 짧은 치마를 입으라'고 강요하였다.",
        "settlement": 3000000,
        "sentence": 0,
        "verdict_summary": "성희롱 혐의로 벌금 300만원 선고. 영업정지 1개월.",
        "keywords": ["미용실", "복장강요", "서비스업"]
    },
    {
        "id": 90,
        "category": "성희롱",
        "text": "피고인은 웨딩숍 매니저로서 신부 드레스 피팅 장면을 몰래 촬영하여 보관하였다.",
        "settlement": 5000000,
        "sentence": 0,
        "verdict_summary": "성희롱 혐의로 벌금 500만원 선고. 즉시 해고 조치.",
        "keywords": ["웨딩숍", "불법촬영", "서비스업"]
    },
    {
        "id": 91,
        "category": "성희롱",
        "text": "피고인은 심리상담사로서 여성 내담자에게 '애인이 있느냐, 결혼은 언제 할 것이냐' 등 상담과 무관한 질문을 하였다.",
        "settlement": 3500000,
        "sentence": 0,
        "verdict_summary": "성희롱 혐의로 벌금 350만원 선고. 자격정지 3개월.",
        "keywords": ["심리상담", "사생활침해", "상담소"]
    },
    {
        "id": 92,
        "category": "성희롱",
        "text": "피고인은 온라인 쇼핑몰 MD로서 여성 직원들의 신체 사이즈를 물으며 상품 착용을 강요하였다.",
        "settlement": 4000000,
        "sentence": 0,
        "verdict_summary": "성희롱 혐의로 벌금 400만원 선고. 정직 6개월 처분.",
        "keywords": ["쇼핑몰", "신체비하", "업무상위력"]
    },
    {
        "id": 93,
        "category": "성희롱",
        "text": "피고인은 차량 정비소 직원으로서 여성 운전자에게 '여자가 차를 이렇게 망가뜨리냐'며 성차별적 발언을 하였다.",
        "settlement": 2000000,
        "sentence": 0,
        "verdict_summary": "성희롱 혐의로 벌금 200만원 선고. 정비소에서 경고 조치.",
        "keywords": ["정비소", "성차별", "서비스업"]
      },
      {
        "id": 94,
        "category": "성희롱",
        "text": "피고인은 게임 스트리머로서 여성 게이머의 플레이를 중계하며 외모 비하 및 성적 비하 발언을 하였다.",
        "settlement": 3000000,
        "sentence": 0,
        "verdict_summary": "성희롱 혐의로 벌금 300만원 선고. 방송 플랫폼 영구정지.",
        "keywords": ["게임방송", "외모비하", "스트리밍"]
      },
      {
        "id": 95,
        "category": "성희롱",
        "text": "피고인은 대형마트 관리자로서 여직원들에게 '남성 고객이 좋아하는 화장'을 하라고 강요하였다.",
        "settlement": 3500000,
        "sentence": 0,
        "verdict_summary": "성희롱 혐의로 벌금 350만원 선고. 본사 징계위원회 회부.",
        "keywords": ["대형마트", "용모강요", "업무상위력"]
      },
      {
        "id": 96,
        "category": "성희롱",
        "text": "피고인은 공연기획사 대표로서 오디션 지원자들에게 '몸매 관리를 위해 숙소 생활을 해야한다'며 합숙을 강요하였다.",
        "settlement": 6000000,
        "sentence": 0,
        "verdict_summary": "성희롱 혐의로 벌금 600만원 선고. 기획사 등록 취소.",
        "keywords": ["공연기획", "합숙강요", "연예기획"]
      },
      {
        "id": 97,
        "category": "성희롱",
        "text": "피고인은 구직사이트 운영자로서 여성 구직자들의 프로필 사진을 따로 저장하여 평가하고 유포하였다.",
        "settlement": 5000000,
        "sentence": 0,
        "verdict_summary": "성희롱 혐의로 벌금 500만원 선고. 사이트 운영 정지.",
        "keywords": ["구직사이트", "개인정보유출", "온라인"]
      },
      {
        "id": 98,
        "category": "성희롱",
        "text": "피고인은 댄스학원 원장으로서 오디션 준비생들에게 '섹시한 춤을 잘 추면 합격률이 높다'며 선정적인 안무를 강요하였다.",
        "settlement": 4500000,
        "sentence": 0,
        "verdict_summary": "성희롱 혐의로 벌금 450만원 선고. 학원 운영 정지.",
        "keywords": ["댄스학원", "선정성강요", "교육기관"]
      },
      {
        "id": 99,
        "category": "성희롱",
        "text": "피고인은 여행사 직원으로서 여성 고객들의 여권 사진을 수집하여 SNS에 '미녀 여행객 모음'이라는 제목으로 게시하였다.",
        "settlement": 4000000,
        "sentence": 0,
        "verdict_summary": "성희롱 혐의로 벌금 400만원 선고. 즉시 해고 조치.",
        "keywords": ["여행사", "개인정보유출", "SNS"]
      },
      {
        "id": 100,
        "category": "성희롱",
        "text": "피고인은 프랜차이즈 점장으로서 면접 지원자들을 평가하며 '예쁜 직원이 있어야 장사가 잘된다'며 차별적 채용을 하였다.",
        "settlement": 5000000,
        "sentence": 0,
        "verdict_summary": "성희롱 혐의로 벌금 500만원 선고. 가맹본사에서 점장 자격 박탈.",
        "keywords": ["프랜차이즈", "차별채용", "업무상위력"]
      }
    ]
