[
    {
        "id": 1,
        "category": "성추행",
        "text": "피고인은 지하철 내에서 피해자의 신체를 고의로 접촉하여 추행하였다.",
        "settlement": 3000000,
        "sentence": 8,
        "verdict_summary": "강제추행죄로 징역 8개월, 합의금 300만원 선고.",
        "keywords": ["대중교통", "강제추행", "성범죄"]
    },
    {
        "id": 2,
        "category": "성추행",
        "text": "피고인은 회사 엘리베이터 내에서 직장 동료를 강제 추행하였다.",
        "settlement": 5000000,
        "sentence": 12,
        "verdict_summary": "강제추행죄로 징역 1년, 합의금 500만원 선고.",
        "keywords": ["직장내성추행", "엘리베이터", "성범죄"]
    },
    {
        "id": 3,
        "category": "성추행",
        "text": "피고인은 공원 산책로에서 운동하던 피해자를 강제 추행하였다.",
        "settlement": 4000000,
        "sentence": 10,
        "verdict_summary": "강제추행죄로 징역 10개월, 합의금 400만원 선고.",
        "keywords": ["공원", "강제추행", "성범죄"]
    },
    {
        "id": 4,
        "category": "성추행",
        "text": "피고인은 PC방에서 알바생을 강제 추행하였다.",
        "settlement": 4500000,
        "sentence": 12,
        "verdict_summary": "강제추행죄로 징역 1년, 합의금 450만원 선고.",
        "keywords": ["알바생", "강제추행", "업무상위력"]
    },
    {
        "id": 5,
        "category": "성추행",
        "text": "피고인은 노래방에서 피해자를 강제 추행하였다.",
        "settlement": 3500000,
        "sentence": 8,
        "verdict_summary": "강제추행죄로 징역 8개월, 합의금 350만원 선고.",
        "keywords": ["노래방", "강제추행", "성범죄"]
    },
    {
        "id": 6,
        "category": "성추행",
        "text": "피고인은 술집 화장실 앞에서 피해자를 강제 추행하였다.",
        "settlement": 5000000,
        "sentence": 14,
        "verdict_summary": "강제추행죄로 징역 1년 2개월, 합의금 500만원 선고.",
        "keywords": ["유흥업소", "강제추행", "성범죄"]
    },
    {
        "id": 7,
        "category": "성추행",
        "text": "피고인은 헬스장에서 운동하던 피해자를 강제 추행하였다.",
        "settlement": 4500000,
        "sentence": 12,
        "verdict_summary": "강제추행죄로 징역 1년, 합의금 450만원 선고.",
        "keywords": ["헬스장", "강제추행", "성범죄"]
    },
    {
        "id": 8,
        "category": "성추행",
        "text": "피고인은 학원 자습실에서 학생을 강제 추행하였다.",
        "settlement": 7000000,
        "sentence": 18,
        "verdict_summary": "강제추행죄로 징역 1년 6개월, 합의금 700만원 선고.",
        "keywords": ["학원", "미성년자", "업무상위력"]
    },
    {
        "id": 9,
        "category": "성추행",
        "text": "피고인은 버스 정류장에서 피해자를 강제 추행하였다.",
        "settlement": 3000000,
        "sentence": 8,
        "verdict_summary": "강제추행죄로 징역 8개월, 합의금 300만원 선고.",
        "keywords": ["버스정류장", "강제추행", "성범죄"]
    },
    {
        "id": 10,
        "category": "성추행",
        "text": "피고인은 영화관 상영 중 옆자리 피해자를 강제 추행하였다.",
        "settlement": 4000000,
        "sentence": 10,
        "verdict_summary": "강제추행죄로 징역 10개월, 합의금 400만원 선고.",
        "keywords": ["영화관", "강제추행", "성범죄"]
    },
    {
        "id": 11,
        "category": "성추행",
        "text": "피고인은 대학교 동아리 선배로서 신입생 환영회 후 귀가하는 피해자를 강제 추행하였다.",
        "settlement": 5000000,
        "sentence": 12,
        "verdict_summary": "강제추행죄로 징역 1년, 합의금 500만원 선고.",
        "keywords": ["선후배관계", "강제추행", "대학교"]
    },
    {
        "id": 12,
        "category": "성추행",
        "text": "피고인은 회사 부장으로서 업무 보고를 핑계로 피해자를 회의실로 불러 강제 추행하였다.",
        "settlement": 8000000,
        "sentence": 18,
        "verdict_summary": "업무상 위력에 의한 강제추행죄로 징역 1년 6개월, 합의금 800만원 선고.",
        "keywords": ["직장내성추행", "업무상위력", "상하관계"]
    },
    {
        "id": 13,
        "category": "성추행",
        "text": "피고인은 아파트 관리소장으로서 민원을 제기한 입주민을 상담실에서 강제 추행하였다.",
        "settlement": 6000000,
        "sentence": 14,
        "verdict_summary": "강제추행죄로 징역 1년 2개월, 합의금 600만원 선고.",
        "keywords": ["업무상위력", "아파트", "관리소장"]
    },
    {
        "id": 14,
        "category": "성추행",
        "text": "피고인은 피해자의 옆집에 사는 주민으로서, 엘리베이터에서 마주친 피해자를 강제 추행하였다.",
        "settlement": 4000000,
        "sentence": 10,
        "verdict_summary": "강제추행죄로 징역 10개월, 합의금 400만원 선고.",
        "keywords": ["이웃주민", "엘리베이터", "강제추행"]
    },
    {
        "id": 15,
        "category": "성추행",
        "text": "피고인은 피해자의 과외 교사로서 수업 중 피해자를 강제 추행하였다.",
        "settlement": 7000000,
        "sentence": 16,
        "verdict_summary": "강제추행죄로 징역 1년 4개월, 합의금 700만원 선고.",
        "keywords": ["과외교사", "미성년자", "교육관계"]
    },
    {
        "id": 16,
        "category": "성추행",
        "text": "피고인은 SNS에서 알게 된 피해자와 첫 만남에서 피해자를 강제 추행하였다.",
        "settlement": 4500000,
        "sentence": 12,
        "verdict_summary": "강제추행죄로 징역 1년, 합의금 450만원 선고.",
        "keywords": ["SNS만남", "강제추행", "성범죄"]
    },
    {
        "id": 17,
        "category": "성추행",
        "text": "피고인은 피해자가 다니는 병원의 물리치료사로서 치료를 빌미로 강제 추행하였다.",
        "settlement": 6500000,
        "sentence": 14,
        "verdict_summary": "업무상 위력에 의한 강제추행죄로 징역 1년 2개월, 합의금 650만원 선고.",
        "keywords": ["의료인", "업무상위력", "병원"]
    },
    {
        "id": 18,
        "category": "성추행",
        "text": "피고인은 독서실 운영자로서 늦게까지 공부하던 피해자를 강제 추행하였다.",
        "settlement": 5500000,
        "sentence": 12,
        "verdict_summary": "강제추행죄로 징역 1년, 합의금 550만원 선고.",
        "keywords": ["독서실", "업무상위력", "성범죄"]
    },
    {
        "id": 19,
        "category": "성추행",
        "text": "피고인은 식당 주방장으로서 아르바이트생인 피해자를 강제 추행하였다.",
        "settlement": 5000000,
        "sentence": 12,
        "verdict_summary": "업무상 위력에 의한 강제추행죄로 징역 1년, 합의금 500만원 선고.",
        "keywords": ["식당", "업무상위력", "알바생"]
    },
    {
        "id": 20,
        "category": "성추행",
        "text": "피고인은 합숙 연수원 강사로서 교육생인 피해자를 강의실에서 강제 추행하였다.",
        "settlement": 7000000,
        "sentence": 16,
        "verdict_summary": "업무상 위력에 의한 강제추행죄로 징역 1년 4개월, 합의금 700만원 선고.",
        "keywords": ["연수원", "강사", "교육과정"]
    },
    {
        "id": 21,
        "category": "성추행",
        "text": "피고인은 실내 수영장 수영 강사로서 수영을 배우던 피해자를 강습 중 강제 추행하였다.",
        "settlement": 4500000,
        "sentence": 10,
        "verdict_summary": "업무상 위력에 의한 강제추행죄로 징역 10개월, 합의금 450만원 선고.",
        "keywords": ["수영강사", "체육시설", "업무상위력"]
    },
    {
        "id": 22,
        "category": "성추행",
        "text": "피고인은 노래방 도우미 호출을 받고 온 피해자를 강제 추행하였다.",
        "settlement": 3000000,
        "sentence": 8,
        "verdict_summary": "강제추행죄로 징역 8개월, 합의금 300만원 선고.",
        "keywords": ["유흥업소", "강제추행", "성범죄"]
    },
    {
        "id": 23,
        "category": "성추행",
        "text": "피고인은 웨딩숍 상담원으로서 의상 피팅 중이던 피해자를 강제 추행하였다.",
        "settlement": 5500000,
        "sentence": 12,
        "verdict_summary": "업무상 위력에 의한 강제추행죄로 징역 1년, 합의금 550만원 선고.",
        "keywords": ["웨딩숍", "업무상위력", "성범죄"]
    },
    {
        "id": 24,
        "category": "성추행",
        "text": "피고인은 피해자의 전 남자친구로서 우연히 마주친 피해자를 강제 추행하였다.",
        "settlement": 6000000,
        "sentence": 14,
        "verdict_summary": "강제추행죄로 징역 1년 2개월, 합의금 600만원 선고.",
        "keywords": ["지인", "데이트폭력", "성범죄"]
    },
    {
        "id": 25,
        "category": "성추행",
        "text": "피고인은 마사지샵 운영자로서 손님인 피해자를 강제 추행하였다.",
        "settlement": 4000000,
        "sentence": 10,
        "verdict_summary": "업무상 위력에 의한 강제추행죄로 징역 10개월, 합의금 400만원 선고.",
        "keywords": ["마사지샵", "업무상위력", "성범죄"]
    },
    {
        "id": 26,
        "category": "성추행",
        "text": "피고인은 성형외과 의사로서 수술 상담 중이던 피해자를 강제 추행하였다.",
        "settlement": 8000000,
        "sentence": 18,
        "verdict_summary": "업무상 위력에 의한 강제추행죄로 징역 1년 6개월, 합의금 800만원 선고.",
        "keywords": ["의사", "병원", "업무상위력"]
    },
    {
        "id": 27,
        "category": "성추행",
        "text": "피고인은 호텔 객실 청소원으로서 투숙객인 피해자를 강제 추행하였다.",
        "settlement": 3500000,
        "sentence": 8,
        "verdict_summary": "강제추행죄로 징역 8개월, 합의금 350만원 선고.",
        "keywords": ["호텔", "투숙객", "성범죄"]
    },
    {
        "id": 28,
        "category": "성추행",
        "text": "피고인은 부동산 중개인으로서 전세집을 알아보던 피해자를 강제 추행하였다.",
        "settlement": 5000000,
        "sentence": 12,
        "verdict_summary": "강제추행죄로 징역 1년, 합의금 500만원 선고.",
        "keywords": ["부동산", "업무상위력", "성범죄"]
    },
    {
        "id": 29,
        "category": "성추행",
        "text": "피고인은 카페 사장으로서 아르바이트 면접을 보던 피해자를 강제 추행하였다.",
        "settlement": 4500000,
        "sentence": 10,
        "verdict_summary": "업무상 위력에 의한 강제추행죄로 징역 10개월, 합의금 450만원 선고.",
        "keywords": ["카페", "면접", "업무상위력"]
    },
    {
        "id": 30,
        "category": "성추행",
        "text": "피고인은 피해자의 옆집 음악학원 강사로서 엘리베이터에서 마주친 피해자를 강제 추행하였다.",
        "settlement": 4000000,
        "sentence": 10,
        "verdict_summary": "강제추행죄로 징역 10개월, 합의금 400만원 선고.",
        "keywords": ["이웃", "엘리베이터", "성범죄"]
    },
    {
        "id": 31,
        "category": "성추행",
        "text": "피고인은 배달 음식점 사장으로서 배달 주문 후 문 앞에서 기다리던 피해자를 강제 추행하였다.",
        "settlement": 4000000,
        "sentence": 10,
        "verdict_summary": "강제추행죄로 징역 10개월, 합의금 400만원 선고.",
        "keywords": ["배달", "업주", "성범죄"]
    },
    {
        "id": 32,
        "category": "성추행",
        "text": "피고인은 미용실 원장으로서 머리 시술 중이던 피해자를 강제 추행하였다.",
        "settlement": 5500000,
        "sentence": 12,
        "verdict_summary": "업무상 위력에 의한 강제추행죄로 징역 1년, 합의금 550만원 선고.",
        "keywords": ["미용실", "업무상위력", "성범죄"]
    },
    {
        "id": 33,
        "category": "성추행",
        "text": "피고인은 가구 설치기사로서 혼자 있는 피해자의 집에서 설치 작업 중 강제 추행하였다.",
        "settlement": 6000000,
        "sentence": 14,
        "verdict_summary": "주거침입 강제추행죄로 징역 1년 2개월, 합의금 600만원 선고.",
        "keywords": ["가구설치", "주거침입", "성범죄"]
    },
    {
        "id": 34,
        "category": "성추행",
        "text": "피고인은 요가 강사로서 자세를 교정해준다며 수강생인 피해자를 강제 추행하였다.",
        "settlement": 5000000,
        "sentence": 12,
        "verdict_summary": "업무상 위력에 의한 강제추행죄로 징역 1년, 합의금 500만원 선고.",
        "keywords": ["요가", "강사", "업무상위력"]
    },
    {
        "id": 35,
        "category": "성추행",
        "text": "피고인은 방문 학습지 교사로서 초등학생인 피해자의 동생을 가르치러 온 날 피해자를 강제 추행하였다.",
        "settlement": 8000000,
        "sentence": 20,
        "verdict_summary": "강제추행죄로 징역 1년 8개월, 합의금 800만원 선고.",
        "keywords": ["학습지교사", "미성년자", "성범죄"]
    },
    {
        "id": 36,
        "category": "성추행",
        "text": "피고인은 피해자의 거주지 건물 경비원으로서 야간에 혼자 귀가하던 피해자를 강제 추행하였다.",
        "settlement": 4500000,
        "sentence": 10,
        "verdict_summary": "강제추행죄로 징역 10개월, 합의금 450만원 선고.",
        "keywords": ["경비원", "심야", "성범죄"]
    },
    {
        "id": 37,
        "category": "성추행",
        "text": "피고인은 편의점 야간 아르바이트생으로서 심야에 방문한 여성 손님을 강제 추행하였다.",
        "settlement": 3500000,
        "sentence": 8,
        "verdict_summary": "강제추행죄로 징역 8개월, 합의금 350만원 선고.",
        "keywords": ["편의점", "심야", "성범죄"]
    },
    {
        "id": 38,
        "category": "성추행",
        "text": "피고인은 동네 부동산 중개인으로서 원룸을 구하러 온 대학생 피해자를 강제 추행하였다.",
        "settlement": 5000000,
        "sentence": 12,
        "verdict_summary": "업무상 위력에 의한 강제추행죄로 징역 1년, 합의금 500만원 선고.",
        "keywords": ["부동산", "대학생", "업무상위력"]
    },
    {
        "id": 39,
        "category": "성추행",
        "text": "피고인은 스터디카페 운영자로서 늦은 시간까지 공부하던 피해자를 강제 추행하였다.",
        "settlement": 5500000,
        "sentence": 12,
        "verdict_summary": "업무상 위력에 의한 강제추행죄로 징역 1년, 합의금 550만원 선고.",
        "keywords": ["스터디카페", "업무상위력", "성범죄"]
    },
    {
        "id": 40,
        "category": "성추행",
        "text": "피고인은 음식점 손님으로서 술에 취한 것처럼 가장하여 옆 테이블에 있던 피해자를 강제 추행하였다.",
        "settlement": 3000000,
        "sentence": 8,
        "verdict_summary": "강제추행죄로 징역 8개월, 합의금 300만원 선고.",
        "keywords": ["음식점", "주취", "성범죄"]
    },
    {
        "id": 41,
        "category": "성추행",
        "text": "피고인은 반찬가게 사장으로서 단골손님인 피해자를 강제 추행하였다.",
        "settlement": 4000000,
        "sentence": 10,
        "verdict_summary": "강제추행죄로 징역 10개월, 합의금 400만원 선고.",
        "keywords": ["상점", "단골손님", "성범죄"]
    },
    {
        "id": 42,
        "category": "성추행",
        "text": "피고인은 피트니스센터 트레이너로서 개인 PT 중이던 피해자를 강제 추행하였다.",
        "settlement": 6000000,
        "sentence": 14,
        "verdict_summary": "업무상 위력에 의한 강제추행죄로 징역 1년 2개월, 합의금 600만원 선고.",
        "keywords": ["피트니스", "트레이너", "업무상위력"]
    },
    {
        "id": 43,
        "category": "성추행",
        "text": "피고인은 입시학원 원장으로서 진학상담을 하던 고등학생 피해자를 강제 추행하였다.",
        "settlement": 8500000,
        "sentence": 20,
        "verdict_summary": "업무상 위력에 의한 강제추행죄로 징역 1년 8개월, 합의금 850만원 선고.",
        "keywords": ["학원", "미성년자", "업무상위력"]
    },
    {
        "id": 44,
        "category": "성추행",
        "text": "피고인은 모델 학원 강사로서 촬영을 빌미로 지원자인 피해자를 강제 추행하였다.",
        "settlement": 7000000,
        "sentence": 16,
        "verdict_summary": "업무상 위력에 의한 강제추행죄로 징역 1년 4개월, 합의금 700만원 선고.",
        "keywords": ["모델학원", "촬영", "업무상위력"]
    },
    {
        "id": 45,
        "category": "성추행",
        "text": "피고인은 여행사 직원으로서 해외여행 상품을 상담하던 피해자를 강제 추행하였다.",
        "settlement": 4500000,
        "sentence": 10,
        "verdict_summary": "강제추행죄로 징역 10개월, 합의금 450만원 선고.",
        "keywords": ["여행사", "상담", "성범죄"]
    },
    {
        "id": 46,
        "category": "성추행",
        "text": "피고인은 중고거래 구매자로서 거래를 빌미로 피해자의 집에 들어가 강제 추행하였다.",
        "settlement": 6500000,
        "sentence": 14,
        "verdict_summary": "주거침입 강제추행죄로 징역 1년 2개월, 합의금 650만원 선고.",
        "keywords": ["중고거래", "주거침입", "성범죄"]
    },
    {
        "id": 47,
        "category": "성추행",
        "text": "피고인은 사진관 운영자로서 증명사진 촬영 중이던 피해자를 강제 추행하였다.",
        "settlement": 5000000,
        "sentence": 12,
        "verdict_summary": "업무상 위력에 의한 강제추행죄로 징역 1년, 합의금 500만원 선고.",
        "keywords": ["사진관", "업무상위력", "성범죄"]
    },
    {
        "id": 48,
        "category": "성추행",
        "text": "피고인은 애견카페 직원으로서 혼자 방문한 피해자를 강제 추행하였다.",
        "settlement": 4000000,
        "sentence": 10,
        "verdict_summary": "강제추행죄로 징역 10개월, 합의금 400만원 선고.",
        "keywords": ["애견카페", "직원", "성범죄"]
    },
    {
        "id": 49,
        "category": "성추행",
        "text": "피고인은 노래교실 강사로서 수강생인 피해자를 개인 레슨 중 강제 추행하였다.",
        "settlement": 5500000,
        "sentence": 12,
        "verdict_summary": "업무상 위력에 의한 강제추행죄로 징역 1년, 합의금 550만원 선고.",
        "keywords": ["노래교실", "강사", "업무상위력"]
    },
    {
        "id": 50,
        "category": "성추행",
        "text": "피고인은 휴대폰 매장 직원으로서 기기 설명을 해주던 중 피해자를 강제 추행하였다.",
        "settlement": 4500000,
        "sentence": 10,
        "verdict_summary": "강제추행죄로 징역 10개월, 합의금 450만원 선고.",
        "keywords": ["휴대폰매장", "직원", "성범죄"]
    },
    {
        "id": 51,
        "category": "성추행",
        "text": "피고인은 피부과 원장으로서 피부 시술을 받던 피해자를 강제 추행하였다.",
        "settlement": 7500000,
        "sentence": 16,
        "verdict_summary": "업무상 위력에 의한 강제추행죄로 징역 1년 4개월, 합의금 750만원 선고.",
        "keywords": ["의료인", "의료기관", "업무상위력"]
      },
      {
        "id": 52,
        "category": "성추행",
        "text": "피고인은 방송국 PD로서 연예인 지망생인 피해자를 오디션 심사 중 강제 추행하였다.",
        "settlement": 9000000,
        "sentence": 24,
        "verdict_summary": "업무상 위력에 의한 강제추행죄로 징역 2년, 합의금 900만원 선고.",
        "keywords": ["방송국", "오디션", "업무상위력"]
      },
      {
        "id": 53,
        "category": "성추행",
        "text": "피고인은 대형마트 점장으로서 야간 재고 조사 중이던 아르바이트생을 강제 추행하였다.",
        "settlement": 5500000,
        "sentence": 12,
        "verdict_summary": "업무상 위력에 의한 강제추행죄로 징역 1년, 합의금 550만원 선고.",
        "keywords": ["마트", "야간근무", "업무상위력"]
      },
      {
        "id": 54,
        "category": "성추행",
        "text": "피고인은 청소년 댄스 강사로서 연습실에서 미성년 수강생을 강제 추행하였다.",
        "settlement": 8000000,
        "sentence": 20,
        "verdict_summary": "강제추행죄로 징역 1년 8개월, 합의금 800만원 선고.",
        "keywords": ["댄스강사", "미성년자", "업무상위력"]
      },
      {
        "id": 55,
        "category": "성추행",
        "text": "피고인은 호프집 사장으로서 취객인 척 하며 여성 손님을 강제 추행하였다.",
        "settlement": 4000000,
        "sentence": 10,
        "verdict_summary": "강제추행죄로 징역 10개월, 합의금 400만원 선고.",
        "keywords": ["주점", "업주", "성범죄"]
      },
      {
        "id": 56,
        "category": "성추행",
        "text": "피고인은 이사업체 직원으로서 이사 작업 중 혼자 있던 피해자를 강제 추행하였다.",
        "settlement": 5000000,
        "sentence": 12,
        "verdict_summary": "강제추행죄로 징역 1년, 합의금 500만원 선고.",
        "keywords": ["이사", "서비스업", "성범죄"]
      },
      {
        "id": 57,
        "category": "성추행",
        "text": "피고인은 무술도장 관장으로서 도장에 늦게까지 남아있던 수련생을 강제 추행하였다.",
        "settlement": 6500000,
        "sentence": 14,
        "verdict_summary": "업무상 위력에 의한 강제추행죄로 징역 1년 2개월, 합의금 650만원 선고.",
        "keywords": ["무술도장", "관장", "업무상위력"]
      },
      {
        "id": 58,
        "category": "성추행",
        "text": "피고인은 공인중개사로서 전세집을 구하러 온 피해자를 빈집 안내 중 강제 추행하였다.",
        "settlement": 5500000,
        "sentence": 12,
        "verdict_summary": "강제추행죄로 징역 1년, 합의금 550만원 선고.",
        "keywords": ["공인중개사", "빈집", "성범죄"]
      },
      {
        "id": 59,
        "category": "성추행",
        "text": "피고인은 보험설계사로서 보험 가입 상담을 하던 피해자를 강제 추행하였다.",
        "settlement": 4500000,
        "sentence": 10,
        "verdict_summary": "강제추행죄로 징역 10개월, 합의금 450만원 선고.",
        "keywords": ["보험설계사", "상담", "성범죄"]
      },
      {
        "id": 60,
        "category": "성추행",
        "text": "피고인은 렌터카 업체 직원으로서 차량 반납을 하러 온 피해자를 강제 추행하였다.",
        "settlement": 4000000,
        "sentence": 8,
        "verdict_summary": "강제추행죄로 징역 8개월, 합의금 400만원 선고.",
        "keywords": ["렌터카", "서비스업", "성범죄"]
      },
      {
        "id": 61,
        "category": "성추행",
        "text": "피고인은 대학원 조교로서 실험실에서 늦게까지 실험하던 대학원생을 강제 추행하였다.",
        "settlement": 6000000,
        "sentence": 14,
        "verdict_summary": "업무상 위력에 의한 강제추행죄로 징역 1년 2개월, 합의금 600만원 선고.",
        "keywords": ["대학원", "조교", "업무상위력"]
      },
      {
        "id": 62,
        "category": "성추행",
        "text": "피고인은 네일샵 원장으로서 손님인 피해자를 시술 중 강제 추행하였다.",
        "settlement": 4500000,
        "sentence": 10,
        "verdict_summary": "업무상 위력에 의한 강제추행죄로 징역 10개월, 합의금 450만원 선고.",
        "keywords": ["네일샵", "원장", "업무상위력"]
      },
      {
        "id": 63,
        "category": "성추행",
        "text": "피고인은 문신샵 운영자로서 시술을 받으러 온 피해자를 강제 추행하였다.",
        "settlement": 5000000,
        "sentence": 12,
        "verdict_summary": "업무상 위력에 의한 강제추행죄로 징역 1년, 합의금 500만원 선고.",
        "keywords": ["문신샵", "시술", "업무상위력"]
      },
      {
        "id": 64,
        "category": "성추행",
        "text": "피고인은 피아노 학원 강사로서 방과후 레슨을 받던 중학생을 강제 추행하였다.",
        "settlement": 7500000,
        "sentence": 18,
        "verdict_summary": "강제추행죄로 징역 1년 6개월, 합의금 750만원 선고.",
        "keywords": ["피아노학원", "미성년자", "업무상위력"]
      },
      {
        "id": 65,
        "category": "성추행",
        "text": "피고인은 인테리어 업체 직원으로서 공사 현장 확인차 방문한 피해자를 강제 추행하였다.",
        "settlement": 5500000,
        "sentence": 12,
        "verdict_summary": "강제추행죄로 징역 1년, 합의금 550만원 선고.",
        "keywords": ["인테리어", "현장방문", "성범죄"]
      },
      {
        "id": 66,
        "category": "성추행",
        "text": "피고인은 코인노래방 관리자로서 늦은 시간 혼자 노래 부르던 피해자를 강제 추행하였다.",
        "settlement": 4000000,
        "sentence": 10,
        "verdict_summary": "강제추행죄로 징역 10개월, 합의금 400만원 선고.",
        "keywords": ["코인노래방", "심야", "성범죄"]
      },
      {
        "id": 67,
        "category": "성추행",
        "text": "피고인은 도서관 사서로서 늦은 시간까지 공부하던 피해자를 서가 사이에서 강제 추행하였다.",
        "settlement": 4500000,
        "sentence": 10,
        "verdict_summary": "강제추행죄로 징역 10개월, 합의금 450만원 선고.",
        "keywords": ["도서관", "사서", "성범죄"]
      },
      {
        "id": 68,
        "category": "성추행",
        "text": "피고인은 공공기관 경비원으로서 야간 당직 중 민원인인 피해자를 강제 추행하였다.",
        "settlement": 5000000,
        "sentence": 12,
        "verdict_summary": "강제추행죄로 징역 1년, 합의금 500만원 선고.",
        "keywords": ["경비원", "야간", "성범죄"]
      },
      {
        "id": 69,
        "category": "성추행",
        "text": "피고인은 교회 목사로서 상담을 요청한 신도를 목사실에서 강제 추행하였다.",
        "settlement": 8000000,
        "sentence": 20,
        "verdict_summary": "업무상 위력에 의한 강제추행죄로 징역 1년 8개월, 합의금 800만원 선고.",
        "keywords": ["종교인", "목사", "업무상위력"]
      },
      {
        "id": 70,
        "category": "성추행",
        "text": "피고인은 예식장 직원으로서 웨딩촬영 중이던 피해자를 강제 추행하였다.",
        "settlement": 5500000,
        "sentence": 12,
        "verdict_summary": "강제추행죄로 징역 1년, 합의금 550만원 선고.",
        "keywords": ["예식장", "촬영", "성범죄"]
      },
      {
        "id": 71,
        "category": "성추행",
        "text": "피고인은 펜션 주인으로서 숙박 중이던 피해자의 객실에 들어가 강제 추행하였다.",
        "settlement": 6500000,
        "sentence": 14,
        "verdict_summary": "주거침입 강제추행죄로 징역 1년 2개월, 합의금 650만원 선고.",
        "keywords": ["펜션", "주거침입", "성범죄"]
      },
      {
        "id": 72,
        "category": "성추행",
        "text": "피고인은 프리랜서 사진작가로서 프로필 촬영 중이던 피해자를 강제 추행하였다.",
        "settlement": 5000000,
        "sentence": 12,
        "verdict_summary": "강제추행죄로 징역 1년, 합의금 500만원 선고.",
        "keywords": ["사진작가", "촬영", "성범죄"]
      },
      {
        "id": 73,
        "category": "성추행",
        "text": "피고인은 택시기사로서 만취한 상태로 탑승한 피해자를 강제 추행하였다.",
        "settlement": 5500000,
        "sentence": 12,
        "verdict_summary": "강제추행죄로 징역 1년, 합의금 550만원 선고.",
        "keywords": ["택시기사", "만취", "성범죄"]
      },
      {
        "id": 74,
        "category": "성추행",
        "text": "피고인은 방문 컴퓨터 수리기사로서 수리를 요청한 피해자의 집에서 강제 추행하였다.",
        "settlement": 6000000,
        "sentence": 14,
        "verdict_summary": "주거침입 강제추행죄로 징역 1년 2개월, 합의금 600만원 선고.",
        "keywords": ["방문수리", "주거침입", "성범죄"]
      },
      {
        "id": 75,
        "category": "성추행",
        "text": "피고인은 호텔 마사지사로서 객실에서 마사지 서비스를 받던 투숙객을 강제 추행하였다.",
        "settlement": 5000000,
        "sentence": 12,
        "verdict_summary": "업무상 위력에 의한 강제추행죄로 징역 1년, 합의금 500만원 선고.",
        "keywords": ["마사지", "호텔", "업무상위력"]
      },
      {
          "id": 76,
          "category": "성추행",
          "text": "피고인은 드론 촬영 강사로서 1대1 실습 교육 중이던 피해자를 인적이 드문 촬영 장소에서 강제 추행하였다.",
          "settlement": 5500000,
          "sentence": 12,
          "verdict_summary": "업무상 위력에 의한 강제추행죄로 징역 1년, 합의금 550만원 선고.",
          "keywords": ["드론강사", "실습교육", "업무상위력"]
        },
        {
          "id": 77,
          "category": "성추행",
          "text": "피고인은 스터디 그룹 리더로서 늦은 시간까지 남아있던 스터디원을 강제 추행하였다.",
          "settlement": 4000000,
          "sentence": 10,
          "verdict_summary": "강제추행죄로 징역 10개월, 합의금 400만원 선고.",
          "keywords": ["스터디그룹", "심야", "성범죄"]
        },
        {
          "id": 78,
          "category": "성추행",
          "text": "피고인은 방송국 스태프로서 오디션 프로그램 참가자인 피해자를 대기실에서 강제 추행하였다.",
          "settlement": 6000000,
          "sentence": 14,
          "verdict_summary": "업무상 위력에 의한 강제추행죄로 징역 1년 2개월, 합의금 600만원 선고.",
          "keywords": ["방송국", "오디션", "업무상위력"]
        },
        {
          "id": 79,
          "category": "성추행",
          "text": "피고인은 유명 맛집 유튜버로서 식당 리뷰 촬영을 핑계로 만난 팬을 강제 추행하였다.",
          "settlement": 5000000,
          "sentence": 12,
          "verdict_summary": "강제추행죄로 징역 1년, 합의금 500만원 선고.",
          "keywords": ["유튜버", "인플루언서", "성범죄"]
        },
        {
          "id": 80,
          "category": "성추행",
          "text": "피고인은 게임방송 BJ로서 팬미팅에서 만난 피해자를 사적인 만남을 빌미로 강제 추행하였다.",
          "settlement": 5500000,
          "sentence": 12,
          "verdict_summary": "강제추행죄로 징역 1년, 합의금 550만원 선고.",
          "keywords": ["BJ", "팬미팅", "성범죄"]
        },
        {
          "id": 81,
          "category": "성추행",
          "text": "피고인은 반려동물 훈련사로서 애견 교육을 의뢰한 피해자를 강제 추행하였다.",
          "settlement": 4500000,
          "sentence": 10,
          "verdict_summary": "강제추행죄로 징역 10개월, 합의금 450만원 선고.",
          "keywords": ["반려동물", "훈련사", "성범죄"]
        },
        {
          "id": 82,
          "category": "성추행",
          "text": "피고인은 명상센터 강사로서 명상 프로그램 수강생을 개인 상담 중 강제 추행하였다.",
          "settlement": 5000000,
          "sentence": 12,
          "verdict_summary": "업무상 위력에 의한 강제추행죄로 징역 1년, 합의금 500만원 선고.",
          "keywords": ["명상센터", "상담", "업무상위력"]
        },
        {
          "id": 83,
          "category": "성추행",
          "text": "피고인은 이벤트 회사 직원으로서 행사 진행 중 아르바이트생을 강제 추행하였다.",
          "settlement": 4000000,
          "sentence": 10,
          "verdict_summary": "업무상 위력에 의한 강제추행죄로 징역 10개월, 합의금 400만원 선고.",
          "keywords": ["이벤트", "알바생", "업무상위력"]
        },
        {
          "id": 84,
          "category": "성추행",
          "text": "피고인은 재활병원 물리치료사로서 재활치료 중이던 환자를 강제 추행하였다.",
          "settlement": 7000000,
          "sentence": 16,
          "verdict_summary": "업무상 위력에 의한 강제추행죄로 징역 1년 4개월, 합의금 700만원 선고.",
          "keywords": ["물리치료사", "환자", "업무상위력"]
        },
        {
          "id": 85,
          "category": "성추행",
          "text": "피고인은 대형 서점 직원으로서 심야 시간에 혼자 책을 보던 피해자를 강제 추행하였다.",
          "settlement": 4500000,
          "sentence": 10,
          "verdict_summary": "강제추행죄로 징역 10개월, 합의금 450만원 선고.",
          "keywords": ["서점", "심야", "성범죄"]
        },
        {
          "id": 86,
          "category": "성추행",
          "text": "피고인은 공연장 음향 감독으로서 오디션을 본다고 속여 피해자를 강제 추행하였다.",
          "settlement": 6000000,
          "sentence": 14,
          "verdict_summary": "업무상 위력에 의한 강제추행죄로 징역 1년 2개월, 합의금 600만원 선고.",
          "keywords": ["공연장", "음향감독", "업무상위력"]
        },
        {
          "id": 87,
          "category": "성추행",
          "text": "피고인은 웨딩플래너로서 결혼준비 상담을 하던 예비신부를 강제 추행하였다.",
          "settlement": 5500000,
          "sentence": 12,
          "verdict_summary": "강제추행죄로 징역 1년, 합의금 550만원 선고.",
          "keywords": ["웨딩플래너", "상담", "성범죄"]
        },
        {
          "id": 88,
          "category": "성추행",
          "text": "피고인은 바리스타 학원 강사로서 실습 교육 중이던 수강생을 강제 추행하였다.",
          "settlement": 4500000,
          "sentence": 10,
          "verdict_summary": "업무상 위력에 의한 강제추행죄로 징역 10개월, 합의금 450만원 선고.",
          "keywords": ["바리스타", "실습교육", "업무상위력"]
        },
        {
          "id": 89,
          "category": "성추행",
          "text": "피고인은 심리상담사로서 우울증 상담을 받던 내담자를 강제 추행하였다.",
          "settlement": 7500000,
          "sentence": 18,
          "verdict_summary": "업무상 위력에 의한 강제추행죄로 징역 1년 6개월, 합의금 750만원 선고.",
          "keywords": ["심리상담", "내담자", "업무상위력"]
        },
        {
          "id": 90,
          "category": "성추행",
          "text": "피고인은 캠핑장 관리인으로서 혼자 캠핑하던 피해자의 텐트에 침입하여 강제 추행하였다.",
          "settlement": 6500000,
          "sentence": 16,
          "verdict_summary": "주거침입 강제추행죄로 징역 1년 4개월, 합의금 650만원 선고.",
          "keywords": ["캠핑장", "주거침입", "성범죄"]
        },
        {
          "id": 91,
          "category": "성추행",
          "text": "피고인은 온라인 쇼핑몰 모델로서 함께 일하고 싶다며 만난 지망생을 강제 추행하였다.",
          "settlement": 5000000,
          "sentence": 12,
          "verdict_summary": "강제추행죄로 징역 1년, 합의금 500만원 선고.",
          "keywords": ["쇼핑몰", "모델지망생", "성범죄"]
        },
        {
          "id": 92,
          "category": "성추행",
          "text": "피고인은 프리랜서 작가로서 인터뷰를 빌미로 만난 피해자를 강제 추행하였다.",
          "settlement": 4500000,
          "sentence": 10,
          "verdict_summary": "강제추행죄로 징역 10개월, 합의금 450만원 선고.",
          "keywords": ["작가", "인터뷰", "성범죄"]
        },
        {
          "id": 93,
          "category": "성추행",
          "text": "피고인은 공동주택 관리소장으로서 입주민 상담실에서 민원인을 강제 추행하였다.",
          "settlement": 5000000,
          "sentence": 12,
          "verdict_summary": "업무상 위력에 의한 강제추행죄로 징역 1년, 합의금 500만원 선고.",
          "keywords": ["관리소장", "민원상담", "업무상위력"]
        },
        {
          "id": 94,
          "category": "성추행",
          "text": "피고인은 등산 동호회 회장으로서 단체 산행 중 회원인 피해자를 강제 추행하였다.",
          "settlement": 4000000,
          "sentence": 10,
          "verdict_summary": "강제추행죄로 징역 10개월, 합의금 400만원 선고.",
          "keywords": ["동호회", "등산", "성범죄"]
        },
        {
          "id": 95,
          "category": "성추행",
          "text": "피고인은 외국어 학원 원어민 강사로서 개인 과외를 하던 수강생을 강제 추행하였다.",
          "settlement": 6000000,
          "sentence": 14,
          "verdict_summary": "업무상 위력에 의한 강제추행죄로 징역 1년 2개월, 합의금 600만원 선고.",
          "keywords": ["원어민강사", "과외", "업무상위력"]
        },
        {
          "id": 96,
          "category": "성추행",
          "text": "피고인은 방문 요가 강사로서 수강생의 집에서 요가 수업 중 강제 추행하였다.",
          "settlement": 5500000,
          "sentence": 12,
          "verdict_summary": "강제추행죄로 징역 1년, 합의금 550만원 선고.",
          "keywords": ["방문강사", "요가", "성범죄"]
        },
        {
          "id": 97,
          "category": "성추행",
          "text": "피고인은 공공도서관 사서로서 늦은 시간 자습하던 수험생을 강제 추행하였다.",
          "settlement": 5000000,
          "sentence": 12,
          "verdict_summary": "강제추행죄로 징역 1년, 합의금 500만원 선고.",
          "keywords": ["도서관", "사서", "성범죄"]
        },
        {
          "id": 98,
          "category": "성추행",
          "text": "피고인은 미용실 원장으로서 머리 시술 중이던 손님을 강제 추행하였다.",
          "settlement": 4500000,
          "sentence": 10,
          "verdict_summary": "업무상 위력에 의한 강제추행죄로 징역 10개월, 합의금 450만원 선고.",
          "keywords": ["미용실", "원장", "업무상위력"]
        },
        {
          "id": 99,
          "category": "성추행",
          "text": "피고인은 전시회 도슨트로서 전시 설명을 듣던 관람객을 인적이 드문 곳에서 강제 추행하였다.",
          "settlement": 4000000,
          "sentence": 10,
          "verdict_summary": "강제추행죄로 징역 10개월, 합의금 400만원 선고.",
          "keywords": ["전시회", "도슨트", "성범죄"]
        },
        {
          "id": 100,
          "category": "성추행",
          "text": "피고인은 댄스학원 원장으로서 오디션을 빌미로 지망생을 강제 추행하였다.",
          "settlement": 6500000,
          "sentence": 14,
          "verdict_summary": "업무상 위력에 의한 강제추행죄로 징역 1년 2개월, 합의금 650만원 선고.",
          "keywords": ["댄스학원", "오디션", "업무상위력"]
        }
      ]
